# Range file name:,BSA15A.txt,BSA15A.txt,BSA15A.txt,BSA15A.txt,BSA15A.txt,BSA15A.txt,BSA15A.txt,BSA15A.txt,BSA15A.txt,BSA15A.txt,BSA15A.txt,BSA15A.txt,BSA15A.txt,BSA15A.txt,BSA15A.txt,BSA15A.txt,BSA15A.txt,BSA15A.txt,BSA15A.txt,BSA15A.txt,BSA15A.txt,BSA15A.txt,BSA15A.txt,BSA15A.txt,BSA15A.txt,BSA15A.txt,BSA15A.txt,BSA15A.txt,BSA15A.txt,BSA15A.txt,BSA15A.txt,BSA15A.txt,BSA15A.txt,BSA15A.txt,BSA15A.txt,BSA15A.txt,BSA15A.txt,BSA15A.txt,BSA15A.txt,BSA15A.txt
# Raw file name:,251001_BSA_CIU_high_AA.raw,251001_BSA_CIU_high_AB.raw,251001_BSA_CIU_high_AC.raw,251001_BSA_CIU_high_AD.raw,251001_BSA_CIU_high_AE.raw,251001_BSA_CIU_high_AF.raw,251001_BSA_CIU_high_AG.raw,251001_BSA_CIU_high_AH.raw,251001_BSA_CIU_high_AI.raw,251001_BSA_CIU_high_AJ.raw,251001_BSA_CIU_high_AK.raw,251001_BSA_CIU_high_AL.raw,251001_BSA_CIU_high_AM.raw,251001_BSA_CIU_high_AN.raw,251001_BSA_CIU_high_AO.raw,251001_BSA_CIU_high_AP.raw,251001_BSA_CIU_high_AQ.raw,251001_BSA_CIU_high_AR.raw,251001_BSA_CIU_high_AS.raw,251001_BSA_CIU_high_AT.raw,251001_BSA_CIU_high_AU.raw,251001_BSA_CIU_high_AV.raw,251001_BSA_CIU_high_AW.raw,251001_BSA_CIU_high_AX.raw,251001_BSA_CIU_high_AY.raw,251001_BSA_CIU_high_AZ.raw,251001_BSA_CIU_high_BA.raw,251001_BSA_CIU_high_BB.raw,251001_BSA_CIU_high_BC.raw,251001_BSA_CIU_high_BD.raw,251001_BSA_CIU_high_BE.raw,251001_BSA_CIU_high_BF.raw,251001_BSA_CIU_high_BG.raw,251001_BSA_CIU_high_BH.raw,251001_BSA_CIU_high_BI.raw,251001_BSA_CIU_high_BJ.raw,251001_BSA_CIU_high_BK.raw,251001_BSA_CIU_high_BL.raw,251001_BSA_CIU_high_BM.raw,251001_BSA_CIU_high_BN.raw
$TrapCV:,5.0,10.0,15.0,20.0,25.0,30.0,35.0,40.0,45.0,50.0,55.0,60.0,65.0,70.0,75.0,80.0,85.0,90.0,95.0,100.0,105.0,110.0,115.0,120.0,125.0,130.0,135.0,140.0,145.0,150.0,155.0,160.0,165.0,170.0,175.0,180.0,185.0,190.0,195.0,200.0
0.0,0.0,0.0,0.0,27.0,0.0,0.0,20.0,0.0,85.0,0.0,26.0,76.0,45.0,0.0,70.0,51.0,0.0,0.0,0.0,0.0,0.0,0.0,0.0,0.0,0.0,0.0,0.0,44.0,0.0,0.0,0.0,0.0,0.0,0.0,0.0,0.0,0.0,0.0,0.0,0.0
0.1377537688442211,52.0,32.0,0.0,72.0,0.0,0.0,0.0,0.0,0.0,75.0,38.0,27.0,53.0,0.0,0.0,43.0,103.0,32.0,0.0,0.0,0.0,0.0,0.0,0.0,0.0,50.0,0.0,0.0,0.0,0.0,0.0,0.0,0.0,0.0,0.0,0.0,0.0,0.0,0.0,0.0
0.2755075376884422,0.0,0.0,51.0,0.0,0.0,0.0,0.0,35.0,0.0,0.0,77.0,0.0,29.0,0.0,30.0,115.0,67.0,0.0,0.0,0.0,0.0,0.0,0.0,0.0,0.0,0.0,0.0,0.0,0.0,0.0,0.0,0.0,0.0,0.0,0.0,0.0,0.0,0.0,23.0,0.0
0.41326130653266335,22.0,27.0,39.0,0.0,0.0,36.0,63.0,114.0,0.0,30.0,20.0,110.0,94.0,63.0,106.0,38.0,136.0,0.0,0.0,0.0,0.0,0.0,0.0,0.0,0.0,0.0,0.0,0.0,0.0,56.0,0.0,0.0,41.0,0.0,0.0,0.0,0.0,0.0,0.0,0.0
0.5510150753768844,29.0,20.0,69.0,71.0,0.0,64.0,74.0,0.0,77.0,0.0,86.0,86.0,110.0,103.0,56.0,22.0,31.0,0.0,0.0,0.0,0.0,0.0,0.0,0.0,0.0,0.0,0.0,0.0,0.0,0.0,0.0,0.0,0.0,0.0,0.0,0.0,0.0,0.0,0.0,0.0
0.6887688442211055,0.0,21.0,41.0,22.0,0.0,0.0,0.0,39.0,71.0,0.0,23.0,73.0,26.0,105.0,0.0,0.0,49.0,34.0,0.0,0.0,0.0,0.0,0.0,0.0,0.0,0.0,0.0,0.0,0.0,0.0,25.0,0.0,0.0,0.0,0.0,0.0,0.0,0.0,0.0,0.0
0.8265226130653267,20.0,20.0,0.0,0.0,24.0,0.0,0.0,0.0,52.0,0.0,44.0,95.0,38.0,98.0,111.0,46.0,77.0,0.0,0.0,30.0,0.0,0.0,0.0,0.0,0.0,0.0,0.0,0.0,22.0,31.0,0.0,0.0,0.0,0.0,0.0,0.0,0.0,32.0,0.0,0.0
0.9642763819095477,0.0,49.0,0.0,25.0,23.0,0.0,0.0,0.0,24.0,0.0,83.0,136.0,24.0,84.0,74.0,79.0,96.0,86.0,0.0,0.0,40.0,0.0,0.0,0.0,0.0,0.0,0.0,0.0,0.0,0.0,0.0,0.0,0.0,32.0,0.0,0.0,0.0,0.0,0.0,0.0
1.1020301507537689,28.0,0.0,34.0,33.0,0.0,42.0,0.0,0.0,79.0,0.0,20.0,0.0,0.0,0.0,62.0,70.0,102.0,139.0,0.0,0.0,0.0,0.0,0.0,0.0,0.0,0.0,0.0,0.0,0.0,0.0,0.0,0.0,0.0,0.0,0.0,0.0,0.0,0.0,0.0,0.0
1.23978391959799,47.0,121.0,48.0,0.0,49.0,0.0,0.0,0.0,0.0,0.0,0.0,81.0,0.0,22.0,25.0,20.0,25.0,40.0,0.0,0.0,0.0,0.0,0.0,0.0,30.0,0.0,58.0,24.0,0.0,0.0,0.0,0.0,0.0,42.0,0.0,0.0,0.0,0.0,0.0,0.0
1.377537688442211,0.0,0.0,0.0,31.0,0.0,0.0,30.0,0.0,0.0,0.0,0.0,75.0,114.0,20.0,127.0,0.0,98.0,80.0,0.0,0.0,0.0,0.0,0.0,0.0,0.0,0.0,0.0,0.0,0.0,0.0,0.0,0.0,0.0,0.0,0.0,0.0,0.0,0.0,0.0,0.0
1.5152914572864322,26.0,0.0,0.0,0.0,0.0,0.0,0.0,118.0,0.0,0.0,0.0,20.0,24.0,66.0,107.0,50.0,64.0,119.0,0.0,0.0,0.0,0.0,0.0,0.0,0.0,0.0,0.0,0.0,0.0,0.0,0.0,0.0,0.0,0.0,0.0,0.0,0.0,0.0,0.0,0.0
1.6530452261306534,26.0,0.0,85.0,0.0,0.0,0.0,0.0,0.0,0.0,65.0,88.0,136.0,22.0,38.0,91.0,20.0,25.0,23.0,0.0,0.0,0.0,0.0,0.0,0.0,0.0,0.0,0.0,0.0,0.0,0.0,0.0,0.0,0.0,0.0,46.0,0.0,0.0,0.0,0.0,0.0
1.7907989949748746,0.0,88.0,0.0,0.0,0.0,0.0,0.0,0.0,24.0,0.0,0.0,20.0,39.0,0.0,0.0,26.0,62.0,24.0,0.0,0.0,0.0,0.0,0.0,0.0,0.0,0.0,0.0,20.0,0.0,0.0,0.0,0.0,0.0,0.0,0.0,0.0,0.0,0.0,0.0,0.0
1.9285527638190954,21.0,61.0,0.0,23.0,0.0,0.0,0.0,55.0,37.0,0.0,0.0,41.0,56.0,91.0,84.0,34.0,42.0,0.0,0.0,0.0,0.0,0.0,0.0,0.0,0.0,0.0,0.0,27.0,0.0,0.0,0.0,0.0,0.0,20.0,0.0,0.0,0.0,0.0,0.0,0.0
2.0663065326633165,0.0,33.0,0.0,0.0,20.0,0.0,30.0,0.0,0.0,122.0,0.0,0.0,37.0,87.0,0.0,48.0,67.0,31.0,35.0,25.0,0.0,0.0,0.0,55.0,0.0,0.0,0.0,0.0,0.0,27.0,0.0,0.0,0.0,0.0,0.0,0.0,0.0,0.0,0.0,0.0
2.2040603015075377,0.0,0.0,0.0,0.0,0.0,28.0,0.0,52.0,33.0,0.0,70.0,36.0,30.0,0.0,26.0,90.0,0.0,0.0,0.0,0.0,0.0,0.0,0.0,0.0,0.0,0.0,0.0,0.0,0.0,0.0,0.0,0.0,0.0,0.0,0.0,0.0,0.0,0.0,0.0,0.0
2.341814070351759,30.0,0.0,0.0,0.0,42.0,20.0,83.0,0.0,42.0,126.0,78.0,0.0,30.0,56.0,104.0,24.0,124.0,0.0,0.0,0.0,0.0,0.0,0.0,0.0,0.0,0.0,0.0,0.0,0.0,0.0,0.0,0.0,0.0,0.0,0.0,0.0,0.0,0.0,0.0,0.0
2.47956783919598,0.0,24.0,0.0,60.0,0.0,0.0,65.0,0.0,41.0,37.0,0.0,118.0,59.0,45.0,34.0,25.0,70.0,0.0,0.0,0.0,0.0,0.0,0.0,0.0,0.0,0.0,0.0,0.0,0.0,0.0,0.0,0.0,0.0,0.0,0.0,0.0,0.0,0.0,0.0,0.0
2.617321608040201,0.0,0.0,0.0,0.0,0.0,0.0,0.0,0.0,74.0,43.0,22.0,0.0,64.0,39.0,49.0,0.0,0.0,0.0,0.0,0.0,45.0,0.0,0.0,0.0,0.0,0.0,0.0,0.0,0.0,0.0,0.0,0.0,0.0,0.0,0.0,0.0,0.0,0.0,0.0,0.0
2.755075376884422,24.0,0.0,0.0,0.0,0.0,0.0,0.0,0.0,122.0,0.0,22.0,76.0,33.0,45.0,33.0,89.0,136.0,27.0,0.0,0.0,0.0,0.0,0.0,0.0,45.0,0.0,0.0,0.0,0.0,0.0,0.0,0.0,0.0,0.0,0.0,0.0,0.0,0.0,0.0,0.0
2.8928291457286432,51.0,0.0,0.0,0.0,0.0,0.0,0.0,0.0,0.0,48.0,20.0,0.0,57.0,0.0,107.0,26.0,124.0,24.0,0.0,0.0,0.0,0.0,0.0,0.0,0.0,56.0,0.0,45.0,0.0,0.0,0.0,0.0,0.0,0.0,0.0,0.0,0.0,0.0,0.0,0.0
3.0305829145728644,73.0,0.0,0.0,29.0,22.0,39.0,0.0,29.0,24.0,40.0,165.0,23.0,68.0,157.0,100.0,47.0,88.0,0.0,0.0,0.0,0.0,0.0,0.0,0.0,0.0,0.0,0.0,54.0,0.0,0.0,0.0,0.0,0.0,0.0,0.0,0.0,0.0,0.0,0.0,0.0
3.1683366834170856,0.0,30.0,0.0,0.0,25.0,22.0,30.0,0.0,0.0,0.0,22.0,0.0,22.0,26.0,86.0,93.0,0.0,44.0,0.0,23.0,0.0,0.0,0.0,0.0,0.0,0.0,0.0,0.0,53.0,0.0,0.0,0.0,0.0,0.0,0.0,0.0,0.0,0.0,0.0,0.0
3.306090452261307,70.0,0.0,61.0,94.0,80.0,241.0,432.0,318.0,40.0,105.0,24.0,0.0,0.0,53.0,30.0,0.0,118.0,159.0,0.0,0.0,0.0,0.0,0.0,20.0,0.0,0.0,0.0,0.0,25.0,0.0,38.0,27.0,0.0,0.0,0.0,0.0,0.0,0.0,0.0,0.0
3.443844221105528,1266.0,1019.0,1620.0,1997.0,2425.0,2885.0,3091.0,1137.0,466.0,47.0,0.0,0.0,0.0,37.0,0.0,40.0,63.0,91.0,0.0,0.0,0.0,0.0,0.0,0.0,0.0,0.0,30.0,31.0,0.0,49.0,0.0,0.0,0.0,0.0,0.0,0.0,0.0,0.0,0.0,0.0
3.581597989949749,5817.0,5773.0,6118.0,7442.0,6976.0,8019.0,5782.0,3355.0,1178.0,103.0,63.0,88.0,122.0,25.0,0.0,86.0,94.0,0.0,0.0,0.0,0.0,0.0,0.0,0.0,0.0,0.0,0.0,0.0,0.0,0.0,0.0,0.0,0.0,0.0,0.0,0.0,0.0,0.0,0.0,0.0
3.7193517587939695,7904.0,10288.0,9779.0,9630.0,9964.0,9816.0,11175.0,9734.0,7721.0,3256.0,271.0,0.0,149.0,53.0,20.0,62.0,56.0,92.0,0.0,0.0,0.0,0.0,0.0,0.0,0.0,0.0,0.0,0.0,0.0,0.0,0.0,0.0,0.0,0.0,0.0,0.0,0.0,0.0,0.0,0.0
3.8571055276381907,8445.0,11181.0,10379.0,11965.0,16200.0,30077.0,59321.0,83100.0,78728.0,33684.0,4648.0,585.0,151.0,113.0,0.0,34.0,175.0,163.0,30.0,0.0,0.0,0.0,0.0,0.0,28.0,30.0,0.0,0.0,0.0,0.0,0.0,0.0,0.0,0.0,0.0,0.0,0.0,0.0,0.0,0.0
3.994859296482412,34322.0,38324.0,43978.0,54908.0,101877.0,177625.0,275761.0,296917.0,255836.0,130677.0,22651.0,2278.0,257.0,133.0,72.0,76.0,69.0,0.0,0.0,35.0,0.0,0.0,0.0,22.0,0.0,0.0,0.0,0.0,0.0,0.0,0.0,0.0,0.0,0.0,0.0,0.0,0.0,0.0,0.0,0.0
4.132613065326633,119377.0,122453.0,142232.0,173833.0,261265.0,381278.0,495552.0,465120.0,387786.0,228531.0,53563.0,6466.0,1231.0,93.0,0.0,65.0,76.0,27.0,0.0,0.0,0.0,0.0,0.0,0.0,0.0,46.0,0.0,0.0,0.0,0.0,0.0,0.0,0.0,0.0,0.0,0.0,0.0,0.0,0.0,0.0
4.270366834170854,178305.0,181892.0,200066.0,234226.0,309358.0,413532.0,492860.0,465060.0,402958.0,267022.0,77759.0,12101.0,1723.0,519.0,125.0,134.0,93.0,0.0,50.0,0.0,0.0,0.0,0.0,0.0,0.0,0.0,59.0,0.0,26.0,0.0,0.0,33.0,0.0,0.0,0.0,0.0,0.0,0.0,0.0,0.0
4.4081206030150755,145095.0,152595.0,168411.0,188593.0,230081.0,310859.0,362490.0,352275.0,333139.0,271827.0,102019.0,19290.0,3162.0,405.0,471.0,150.0,19.0,120.0,0.0,0.0,0.0,0.0,0.0,35.0,0.0,0.0,0.0,0.0,0.0,0.0,0.0,0.0,0.0,0.0,0.0,0.0,0.0,0.0,0.0,0.0
4.545874371859297,85699.0,92558.0,99463.0,107396.0,129707.0,170277.0,207292.0,224578.0,256645.0,255905.0,139697.0,31160.0,4470.0,940.0,398.0,66.0,96.0,24.0,0.0,0.0,0.0,0.0,0.0,0.0,0.0,0.0,0.0,22.0,0.0,0.0,0.0,0.0,0.0,0.0,0.0,0.0,0.0,0.0,0.0,0.0
4.683628140703518,35005.0,42580.0,40565.0,42956.0,53020.0,74499.0,103128.0,130834.0,187700.0,258686.0,187674.0,49832.0,8801.0,1818.0,363.0,195.0,48.0,84.0,26.0,42.0,0.0,0.0,0.0,0.0,0.0,0.0,0.0,0.0,0.0,0.0,0.0,0.0,0.0,0.0,0.0,0.0,0.0,0.0,0.0,0.0
4.821381909547739,10994.0,12047.0,13455.0,12223.0,16427.0,24256.0,40699.0,67474.0,136204.0,232812.0,219709.0,73400.0,14785.0,2361.0,979.0,253.0,75.0,33.0,27.0,0.0,0.0,0.0,0.0,0.0,0.0,0.0,0.0,0.0,0.0,25.0,0.0,0.0,0.0,0.0,0.0,29.0,0.0,0.0,0.0,0.0
4.95913567839196,2338.0,2761.0,3000.0,2820.0,4391.0,5979.0,15276.0,33908.0,90961.0,199937.0,224323.0,92472.0,19916.0,4005.0,812.0,357.0,22.0,87.0,59.0,0.0,0.0,0.0,0.0,0.0,0.0,0.0,0.0,0.0,0.0,0.0,0.0,49.0,0.0,0.0,0.0,0.0,0.0,0.0,0.0,0.0
5.096889447236181,303.0,724.0,881.0,682.0,1502.0,2840.0,8015.0,21494.0,63724.0,154646.0,205941.0,105650.0,26320.0,5451.0,1034.0,308.0,157.0,150.0,0.0,0.0,0.0,0.0,0.0,0.0,0.0,21.0,36.0,42.0,0.0,57.0,84.0,20.0,56.0,0.0,26.0,0.0,0.0,0.0,0.0,0.0
5.234643216080402,424.0,492.0,494.0,408.0,472.0,1697.0,3456.0,12910.0,45928.0,116166.0,175658.0,106834.0,29419.0,5705.0,1639.0,248.0,299.0,34.0,0.0,0.0,0.0,0.0,0.0,36.0,0.0,53.0,0.0,24.0,0.0,86.0,0.0,0.0,0.0,0.0,0.0,27.0,0.0,29.0,25.0,0.0
5.372396984924623,155.0,359.0,480.0,419.0,479.0,1260.0,2149.0,7498.0,30149.0,83004.0,140403.0,95526.0,33173.0,7206.0,2113.0,684.0,260.0,37.0,0.0,20.0,22.0,0.0,0.0,20.0,19.0,0.0,26.0,0.0,33.0,0.0,0.0,0.0,34.0,36.0,22.0,0.0,47.0,0.0,0.0,33.0
5.510150753768844,164.0,150.0,219.0,181.0,387.0,763.0,1484.0,4626.0,15367.0,52907.0,104305.0,86586.0,37197.0,11231.0,2988.0,791.0,617.0,145.0,22.0,43.0,0.0,0.0,0.0,30.0,92.0,0.0,0.0,0.0,0.0,0.0,39.0,0.0,28.0,105.0,0.0,0.0,0.0,0.0,45.0,0.0
5.647904522613065,139.0,293.0,137.0,63.0,200.0,456.0,962.0,2683.0,10676.0,34059.0,84141.0,87343.0,49239.0,21086.0,6438.0,2037.0,850.0,458.0,0.0,0.0,0.0,0.0,0.0,46.0,0.0,0.0,0.0,0.0,36.0,0.0,0.0,29.0,22.0,0.0,0.0,0.0,0.0,0.0,30.0,0.0
5.7856582914572865,27.0,81.0,222.0,25.0,185.0,365.0,516.0,2074.0,8520.0,27692.0,81142.0,105104.0,76376.0,47318.0,18933.0,10001.0,5711.0,2402.0,122.0,0.0,0.0,0.0,0.0,101.0,51.0,36.0,0.0,34.0,24.0,0.0,0.0,21.0,20.0,0.0,37.0,0.0,0.0,19.0,0.0,20.0
5.923412060301508,64.0,100.0,124.0,194.0,378.0,362.0,978.0,2133.0,7326.0,27570.0,95951.0,141678.0,119492.0,87157.0,42147.0,27163.0,17449.0,8636.0,557.0,165.0,97.0,0.0,36.0,228.0,159.0,51.0,34.0,164.0,0.0,106.0,39.0,94.0,0.0,0.0,23.0,0.0,0.0,0.0,38.0,62.0
6.061165829145729,0.0,0.0,134.0,80.0,205.0,705.0,1250.0,2780.0,8221.0,32907.0,127987.0,205983.0,188298.0,157906.0,85254.0,59798.0,37695.0,19466.0,2695.0,743.0,147.0,215.0,160.0,467.0,223.0,154.0,81.0,81.0,143.0,47.0,57.0,95.0,89.0,51.0,23.0,43.0,20.0,46.0,90.0,39.0
6.19891959798995,61.0,72.0,293.0,25.0,212.0,603.0,841.0,3228.0,10185.0,39292.0,180746.0,308487.0,305105.0,267566.0,146266.0,96704.0,72039.0,36570.0,4080.0,1040.0,479.0,213.0,140.0,682.0,572.0,704.0,348.0,551.0,250.0,161.0,146.0,143.0,97.0,55.0,54.0,51.0,0.0,19.0,21.0,147.0
6.336673366834171,99.0,20.0,112.0,88.0,97.0,477.0,1381.0,4441.0,12102.0,49805.0,242874.0,435449.0,442456.0,383753.0,223120.0,155195.0,114529.0,63215.0,7640.0,2681.0,908.0,430.0,299.0,2645.0,2251.0,1791.0,1604.0,1262.0,557.0,522.0,282.0,163.0,0.0,50.0,63.0,116.0,0.0,0.0,32.0,73.0
6.4744271356783925,24.0,100.0,35.0,93.0,192.0,614.0,1774.0,4353.0,13500.0,56594.0,252756.0,455775.0,513079.0,453736.0,282877.0,207931.0,164627.0,94491.0,14787.0,6314.0,2951.0,1433.0,781.0,8190.0,5972.0,5294.0,4933.0,3497.0,2543.0,1154.0,748.0,817.0,307.0,143.0,66.0,0.0,66.0,63.0,0.0,0.0
6.612180904522614,132.0,186.0,162.0,129.0,110.0,896.0,1189.0,4194.0,11852.0,43375.0,208374.0,396631.0,474472.0,457358.0,299768.0,234166.0,190496.0,120169.0,25048.0,11322.0,5616.0,2754.0,1733.0,12925.0,11765.0,10659.0,8575.0,6583.0,5455.0,2244.0,1393.0,921.0,184.0,172.0,234.0,177.0,86.0,92.0,166.0,45.0
6.749934673366835,27.0,29.0,42.0,102.0,22.0,625.0,1063.0,2301.0,7083.0,27370.0,129675.0,276958.0,375243.0,384503.0,272532.0,216344.0,187580.0,120768.0,27410.0,15447.0,6101.0,3574.0,2588.0,15929.0,16375.0,13632.0,12993.0,10081.0,6258.0,3805.0,2157.0,1377.0,792.0,559.0,226.0,124.0,267.0,200.0,67.0,92.0
6.887688442211056,0.0,86.0,37.0,64.0,208.0,309.0,795.0,1726.0,3736.0,13616.0,66461.0,166236.0,263226.0,292765.0,215109.0,189614.0,178223.0,119471.0,28622.0,14630.0,7897.0,4675.0,2966.0,17684.0,16840.0,15259.0,12488.0,10886.0,7736.0,4943.0,3489.0,1781.0,1241.0,788.0,627.0,181.0,95.0,181.0,86.0,113.0
7.025442211055277,0.0,26.0,38.0,0.0,136.0,136.0,363.0,875.0,1750.0,5816.0,27497.0,84051.0,155044.0,193281.0,179055.0,186933.0,195169.0,132045.0,29080.0,16436.0,8167.0,5679.0,2829.0,19052.0,19724.0,17174.0,15362.0,12637.0,9561.0,6177.0,3585.0,2677.0,1777.0,1200.0,1016.0,591.0,169.0,176.0,20.0,0.0
7.163195979899498,50.0,0.0,0.0,67.0,67.0,114.0,79.0,268.0,1148.0,2286.0,13207.0,39783.0,84255.0,138607.0,171158.0,232002.0,256940.0,178684.0,39451.0,22867.0,10316.0,8012.0,4354.0,27657.0,28338.0,24550.0,23730.0,14985.0,12693.0,9644.0,5254.0,3467.0,2906.0,1482.0,1199.0,538.0,605.0,177.0,256.0,75.0
7.30094974874372,0.0,75.0,67.0,103.0,72.0,25.0,391.0,336.0,428.0,1011.0,6755.0,21266.0,51412.0,119710.0,205022.0,292300.0,326518.0,233077.0,54335.0,29201.0,16827.0,11386.0,6829.0,40315.0,43124.0,35896.0,33630.0,23823.0,19386.0,14060.0,7663.0,6184.0,5310.0,3415.0,1778.0,1175.0,445.0,466.0,213.0,315.0
7.438703517587939,0.0,0.0,26.0,122.0,107.0,61.0,175.0,200.0,633.0,910.0,3756.0,14028.0,37152.0,119627.0,226084.0,316507.0,345985.0,261030.0,71587.0,40778.0,23174.0,15887.0,8479.0,53272.0,55961.0,47294.0,44254.0,34482.0,28439.0,22423.0,15094.0,9914.0,8026.0,5834.0,2760.0,1915.0,834.0,540.0,363.0,344.0
7.57645728643216,0.0,43.0,29.0,85.0,54.0,236.0,143.0,432.0,418.0,848.0,1784.0,9595.0,30272.0,108133.0,210335.0,298919.0,323618.0,256702.0,71154.0,43221.0,25966.0,16990.0,8539.0,60602.0,61082.0,52020.0,49924.0,40875.0,38143.0,29123.0,17242.0,13518.0,12868.0,8136.0,4097.0,3065.0,1762.0,1314.0,673.0,300.0
7.714211055276381,25.0,165.0,0.0,23.0,38.0,147.0,84.0,93.0,454.0,855.0,2424.0,6514.0,24247.0,86624.0,169213.0,236012.0,262060.0,211235.0,69209.0,35347.0,24341.0,17282.0,6552.0,51842.0,55284.0,48704.0,47682.0,37564.0,38154.0,30173.0,21978.0,16247.0,12887.0,10244.0,6684.0,4024.0,2588.0,1646.0,1124.0,395.0
7.851964824120603,0.0,0.0,32.0,0.0,59.0,68.0,0.0,231.0,595.0,602.0,1738.0,4758.0,14744.0,60684.0,114061.0,165229.0,180976.0,146502.0,50627.0,27626.0,16736.0,10967.0,5744.0,39353.0,42385.0,36718.0,39194.0,33136.0,32571.0,27243.0,19900.0,16222.0,14780.0,13054.0,7520.0,6024.0,2548.0,2015.0,1078.0,681.0
7.989718592964824,26.0,0.0,0.0,0.0,70.0,112.0,131.0,41.0,51.0,239.0,593.0,2172.0,8660.0,31012.0,65725.0,93876.0,105001.0,85060.0,27576.0,18038.0,11247.0,8021.0,3088.0,24287.0,28224.0,24731.0,28520.0,24766.0,24756.0,22992.0,18642.0,16079.0,12789.0,13900.0,8854.0,6319.0,3181.0,2145.0,1952.0,702.0
8.127472361809046,26.0,0.0,32.0,0.0,0.0,26.0,53.0,26.0,73.0,47.0,251.0,1150.0,3737.0,14858.0,26937.0,42614.0,48392.0,43894.0,14233.0,9696.0,5084.0,4130.0,1534.0,16754.0,19989.0,17654.0,22425.0,19420.0,20757.0,19212.0,17428.0,14734.0,14244.0,14276.0,11029.0,7053.0,4245.0,2833.0,1894.0,1293.0
8.265226130653266,51.0,31.0,0.0,20.0,49.0,41.0,0.0,0.0,118.0,69.0,304.0,606.0,2252.0,6433.0,11499.0,15597.0,21644.0,20493.0,6398.0,4085.0,2555.0,2286.0,1118.0,10252.0,16385.0,16105.0,18732.0,17511.0,19806.0,19068.0,16335.0,15832.0,14294.0,14271.0,11202.0,8260.0,5079.0,2793.0,2547.0,902.0
8.402979899497486,0.0,0.0,22.0,0.0,44.0,0.0,30.0,0.0,49.0,120.0,83.0,513.0,794.0,2730.0,5148.0,6698.0,10511.0,10201.0,3705.0,2712.0,1961.0,1963.0,648.0,8581.0,13129.0,16062.0,19851.0,17289.0,20791.0,17294.0,19626.0,16658.0,17066.0,15742.0,9972.0,9208.0,5060.0,3268.0,2306.0,1562.0
8.540733668341709,0.0,34.0,0.0,20.0,46.0,0.0,0.0,40.0,0.0,167.0,248.0,375.0,701.0,1165.0,3034.0,4761.0,5532.0,7235.0,2453.0,1991.0,1678.0,1730.0,934.0,8563.0,13861.0,13690.0,19492.0,17297.0,20307.0,20885.0,18670.0,20616.0,17327.0,15775.0,12270.0,9356.0,5337.0,3435.0,2375.0,1222.0
8.678487437185929,0.0,25.0,0.0,51.0,0.0,0.0,103.0,0.0,62.0,45.0,144.0,300.0,390.0,730.0,1375.0,3219.0,4648.0,4216.0,1558.0,1658.0,1024.0,846.0,1030.0,6384.0,12240.0,13648.0,17053.0,14513.0,18727.0,19916.0,20592.0,18170.0,15388.0,14046.0,10433.0,8379.0,5759.0,3139.0,2560.0,1203.0
8.816241206030151,0.0,0.0,39.0,92.0,35.0,78.0,0.0,112.0,0.0,50.0,121.0,192.0,21.0,319.0,1182.0,1752.0,2375.0,1803.0,1112.0,1128.0,896.0,973.0,330.0,6963.0,9335.0,10775.0,13623.0,13278.0,18319.0,16290.0,18883.0,17479.0,14555.0,12519.0,8910.0,7389.0,4346.0,3233.0,1562.0,639.0
8.953994974874371,0.0,0.0,57.0,0.0,0.0,0.0,64.0,0.0,58.0,0.0,0.0,220.0,83.0,286.0,349.0,945.0,1330.0,1580.0,787.0,613.0,571.0,446.0,678.0,4078.0,6941.0,7776.0,11277.0,10884.0,15006.0,15171.0,17157.0,16220.0,12223.0,9581.0,7249.0,6973.0,3428.0,2182.0,1951.0,922.0
9.091748743718593,0.0,0.0,0.0,0.0,34.0,0.0,0.0,0.0,158.0,0.0,0.0,109.0,182.0,189.0,515.0,436.0,785.0,944.0,226.0,688.0,372.0,285.0,187.0,3210.0,4730.0,4677.0,7379.0,8334.0,10966.0,12569.0,12239.0,11899.0,11441.0,8202.0,5358.0,5126.0,3142.0,1863.0,887.0,469.0
9.229502512562814,0.0,36.0,45.0,62.0,0.0,0.0,0.0,0.0,0.0,0.0,0.0,148.0,34.0,285.0,479.0,195.0,512.0,448.0,367.0,167.0,227.0,293.0,105.0,1587.0,2244.0,3595.0,5250.0,5443.0,7721.0,7747.0,9555.0,7396.0,7015.0,5804.0,4495.0,4018.0,1989.0,1691.0,1175.0,516.0
9.367256281407036,29.0,68.0,27.0,0.0,41.0,0.0,72.0,44.0,58.0,26.0,24.0,26.0,36.0,75.0,355.0,232.0,413.0,172.0,237.0,172.0,197.0,52.0,89.0,1162.0,1609.0,1685.0,2394.0,3455.0,3556.0,4418.0,5335.0,5213.0,4323.0,3721.0,2250.0,2661.0,1521.0,994.0,631.0,265.0
9.505010050251256,0.0,0.0,35.0,0.0,25.0,68.0,28.0,0.0,0.0,33.0,70.0,70.0,0.0,43.0,103.0,75.0,328.0,278.0,168.0,236.0,0.0,133.0,34.0,432.0,715.0,912.0,1014.0,1764.0,2375.0,2223.0,3268.0,3524.0,2231.0,2018.0,1340.0,1713.0,1240.0,769.0,430.0,129.0
9.642763819095478,0.0,0.0,0.0,0.0,0.0,70.0,0.0,0.0,138.0,0.0,67.0,109.0,0.0,66.0,115.0,47.0,93.0,78.0,40.0,22.0,49.0,103.0,124.0,297.0,263.0,416.0,483.0,729.0,1270.0,1046.0,1303.0,1292.0,1304.0,875.0,911.0,874.0,860.0,346.0,185.0,194.0
9.780517587939698,0.0,0.0,0.0,0.0,0.0,0.0,0.0,0.0,0.0,0.0,67.0,142.0,30.0,136.0,61.0,88.0,96.0,72.0,0.0,0.0,0.0,0.0,0.0,115.0,340.0,260.0,366.0,340.0,430.0,880.0,830.0,911.0,1131.0,738.0,486.0,473.0,392.0,149.0,206.0,273.0
9.91827135678392,0.0,42.0,0.0,0.0,0.0,30.0,44.0,95.0,57.0,0.0,54.0,129.0,50.0,0.0,208.0,90.0,165.0,81.0,30.0,0.0,0.0,0.0,0.0,20.0,130.0,54.0,68.0,93.0,138.0,236.0,287.0,310.0,492.0,855.0,447.0,213.0,241.0,82.0,118.0,120.0
10.05602512562814,0.0,0.0,0.0,0.0,0.0,0.0,0.0,0.0,36.0,0.0,38.0,33.0,52.0,38.0,29.0,60.0,228.0,194.0,20.0,0.0,0.0,40.0,0.0,0.0,140.0,101.0,0.0,72.0,171.0,126.0,108.0,399.0,285.0,157.0,229.0,72.0,202.0,88.0,69.0,0.0
10.193778894472363,0.0,0.0,0.0,0.0,0.0,0.0,0.0,0.0,47.0,31.0,0.0,82.0,26.0,117.0,28.0,76.0,65.0,0.0,0.0,0.0,0.0,0.0,0.0,0.0,31.0,0.0,0.0,0.0,29.0,0.0,126.0,133.0,265.0,73.0,45.0,0.0,0.0,113.0,88.0,68.0
10.331532663316583,0.0,0.0,0.0,0.0,0.0,0.0,0.0,0.0,36.0,0.0,0.0,0.0,68.0,22.0,83.0,106.0,144.0,165.0,20.0,0.0,0.0,0.0,0.0,0.0,70.0,0.0,0.0,75.0,79.0,45.0,43.0,71.0,178.0,160.0,68.0,22.0,26.0,28.0,25.0,0.0
10.469286432160803,46.0,0.0,0.0,0.0,53.0,0.0,0.0,0.0,24.0,67.0,0.0,43.0,142.0,125.0,22.0,134.0,24.0,137.0,0.0,0.0,0.0,0.0,0.0,0.0,44.0,0.0,20.0,20.0,0.0,0.0,25.0,23.0,0.0,25.0,59.0,67.0,0.0,0.0,47.0,0.0
10.607040201005026,0.0,33.0,0.0,0.0,0.0,0.0,0.0,36.0,0.0,46.0,0.0,71.0,46.0,45.0,0.0,0.0,196.0,0.0,0.0,28.0,0.0,0.0,0.0,0.0,0.0,46.0,0.0,27.0,57.0,22.0,117.0,0.0,25.0,43.0,41.0,38.0,20.0,0.0,0.0,0.0
10.744793969849246,0.0,0.0,0.0,0.0,0.0,21.0,37.0,26.0,67.0,39.0,91.0,64.0,130.0,32.0,49.0,55.0,139.0,31.0,0.0,0.0,0.0,0.0,0.0,0.0,0.0,0.0,0.0,0.0,25.0,0.0,86.0,49.0,0.0,22.0,0.0,0.0,0.0,0.0,0.0,0.0
10.882547738693468,39.0,0.0,0.0,0.0,0.0,42.0,0.0,0.0,0.0,60.0,45.0,20.0,327.0,130.0,36.0,35.0,48.0,0.0,0.0,0.0,0.0,0.0,0.0,0.0,37.0,0.0,39.0,0.0,0.0,22.0,20.0,0.0,0.0,39.0,32.0,0.0,0.0,0.0,0.0,0.0
11.020301507537688,0.0,0.0,0.0,0.0,0.0,0.0,0.0,0.0,31.0,56.0,0.0,121.0,65.0,58.0,89.0,137.0,80.0,25.0,117.0,0.0,0.0,0.0,0.0,0.0,0.0,0.0,0.0,0.0,0.0,0.0,0.0,0.0,0.0,0.0,0.0,0.0,37.0,0.0,0.0,0.0
11.15805527638191,0.0,0.0,0.0,0.0,0.0,0.0,0.0,0.0,62.0,0.0,0.0,48.0,59.0,24.0,66.0,0.0,32.0,22.0,0.0,0.0,0.0,0.0,0.0,0.0,0.0,0.0,0.0,0.0,20.0,0.0,33.0,42.0,0.0,0.0,26.0,0.0,0.0,0.0,22.0,19.0
11.29580904522613,0.0,0.0,0.0,0.0,0.0,0.0,0.0,0.0,105.0,0.0,0.0,24.0,0.0,55.0,108.0,198.0,42.0,74.0,0.0,0.0,0.0,0.0,0.0,44.0,0.0,0.0,0.0,0.0,100.0,0.0,0.0,0.0,22.0,0.0,0.0,58.0,21.0,47.0,82.0,0.0
11.433562814070351,0.0,0.0,0.0,0.0,0.0,27.0,0.0,0.0,37.0,20.0,0.0,68.0,54.0,33.0,114.0,65.0,0.0,0.0,0.0,0.0,0.0,0.0,0.0,20.0,0.0,0.0,0.0,0.0,20.0,0.0,0.0,57.0,0.0,0.0,89.0,24.0,47.0,138.0,84.0,123.0
11.571316582914573,0.0,0.0,0.0,0.0,0.0,0.0,21.0,53.0,42.0,63.0,20.0,24.0,0.0,210.0,55.0,148.0,33.0,24.0,0.0,24.0,0.0,0.0,26.0,0.0,76.0,150.0,25.0,23.0,20.0,20.0,24.0,22.0,40.0,68.0,23.0,0.0,107.0,34.0,60.0,142.0
11.709070351758793,0.0,0.0,0.0,0.0,0.0,0.0,90.0,0.0,0.0,22.0,45.0,151.0,27.0,99.0,0.0,56.0,50.0,0.0,26.0,0.0,0.0,0.0,0.0,0.0,0.0,0.0,0.0,0.0,0.0,0.0,0.0,47.0,0.0,55.0,46.0,91.0,123.0,125.0,40.0,141.0
11.846824120603015,0.0,0.0,0.0,23.0,0.0,0.0,0.0,0.0,0.0,113.0,0.0,53.0,0.0,27.0,25.0,122.0,52.0,33.0,20.0,0.0,0.0,0.0,0.0,0.0,51.0,0.0,0.0,28.0,85.0,0.0,20.0,20.0,0.0,22.0,80.0,19.0,20.0,155.0,214.0,211.0
11.984577889447236,0.0,0.0,0.0,0.0,0.0,57.0,0.0,58.0,82.0,0.0,81.0,110.0,86.0,143.0,0.0,131.0,196.0,0.0,41.0,0.0,71.0,0.0,0.0,91.0,0.0,0.0,0.0,0.0,0.0,20.0,0.0,0.0,25.0,0.0,68.0,0.0,113.0,85.0,160.0,201.0
12.122331658291458,0.0,0.0,0.0,0.0,0.0,0.0,0.0,0.0,0.0,0.0,0.0,28.0,0.0,0.0,53.0,47.0,193.0,148.0,0.0,0.0,0.0,0.0,0.0,49.0,22.0,0.0,20.0,0.0,57.0,0.0,0.0,0.0,60.0,58.0,44.0,0.0,116.0,99.0,39.0,101.0
12.260085427135678,0.0,0.0,0.0,0.0,0.0,0.0,20.0,40.0,22.0,33.0,105.0,73.0,95.0,97.0,66.0,140.0,156.0,66.0,0.0,0.0,0.0,0.0,0.0,0.0,80.0,0.0,22.0,27.0,0.0,22.0,0.0,0.0,19.0,27.0,91.0,21.0,29.0,0.0,179.0,131.0
12.3978391959799,0.0,0.0,0.0,0.0,0.0,0.0,0.0,0.0,27.0,22.0,25.0,72.0,194.0,115.0,46.0,70.0,150.0,198.0,0.0,0.0,0.0,0.0,0.0,0.0,27.0,19.0,51.0,19.0,0.0,0.0,20.0,0.0,30.0,28.0,0.0,68.0,56.0,25.0,43.0,43.0
12.53559296482412,19.0,0.0,0.0,0.0,0.0,0.0,0.0,0.0,100.0,19.0,54.0,148.0,0.0,83.0,31.0,134.0,89.0,19.0,63.0,0.0,0.0,0.0,0.0,0.0,20.0,0.0,0.0,0.0,24.0,51.0,20.0,20.0,0.0,0.0,20.0,0.0,20.0,44.0,0.0,56.0
12.673346733668343,0.0,0.0,0.0,0.0,0.0,0.0,22.0,0.0,0.0,36.0,70.0,25.0,24.0,46.0,62.0,279.0,84.0,68.0,0.0,0.0,0.0,0.0,0.0,26.0,54.0,0.0,0.0,0.0,21.0,0.0,0.0,0.0,0.0,0.0,0.0,19.0,19.0,0.0,19.0,133.0
12.811100502512563,0.0,0.0,0.0,0.0,0.0,0.0,0.0,0.0,22.0,0.0,46.0,47.0,104.0,141.0,0.0,22.0,55.0,0.0,0.0,0.0,0.0,0.0,0.0,0.0,0.0,0.0,0.0,0.0,0.0,0.0,0.0,0.0,0.0,0.0,34.0,0.0,0.0,0.0,0.0,0.0
12.948854271356785,24.0,29.0,24.0,0.0,0.0,0.0,0.0,0.0,24.0,25.0,156.0,122.0,61.0,177.0,74.0,135.0,120.0,25.0,0.0,0.0,0.0,0.0,0.0,0.0,0.0,0.0,0.0,0.0,0.0,0.0,0.0,0.0,64.0,42.0,0.0,0.0,0.0,0.0,0.0,34.0
13.086608040201005,0.0,0.0,32.0,0.0,0.0,20.0,107.0,20.0,0.0,66.0,22.0,80.0,94.0,54.0,57.0,94.0,22.0,106.0,21.0,0.0,0.0,0.0,0.0,24.0,0.0,0.0,0.0,0.0,0.0,0.0,0.0,0.0,0.0,0.0,0.0,0.0,0.0,0.0,0.0,0.0
13.224361809045227,0.0,74.0,0.0,76.0,0.0,0.0,0.0,0.0,0.0,30.0,37.0,66.0,0.0,0.0,24.0,75.0,135.0,25.0,0.0,0.0,0.0,0.0,0.0,0.0,0.0,0.0,0.0,0.0,0.0,36.0,38.0,0.0,0.0,0.0,0.0,0.0,0.0,0.0,0.0,0.0
13.362115577889448,26.0,0.0,0.0,0.0,0.0,0.0,20.0,0.0,23.0,0.0,29.0,0.0,102.0,22.0,152.0,88.0,146.0,144.0,0.0,0.0,0.0,0.0,0.0,24.0,0.0,0.0,0.0,0.0,0.0,0.0,0.0,0.0,0.0,0.0,29.0,0.0,0.0,0.0,0.0,0.0
13.49986934673367,0.0,42.0,0.0,0.0,0.0,0.0,0.0,0.0,0.0,30.0,0.0,83.0,29.0,29.0,24.0,42.0,154.0,106.0,0.0,0.0,36.0,0.0,0.0,0.0,0.0,0.0,0.0,0.0,0.0,0.0,0.0,0.0,0.0,0.0,24.0,0.0,0.0,0.0,21.0,0.0
13.63762311557789,0.0,74.0,0.0,0.0,0.0,0.0,0.0,67.0,26.0,0.0,27.0,96.0,95.0,0.0,149.0,0.0,28.0,50.0,0.0,0.0,0.0,0.0,0.0,0.0,0.0,0.0,0.0,0.0,0.0,0.0,20.0,0.0,0.0,0.0,0.0,0.0,29.0,0.0,0.0,0.0
13.775376884422112,26.0,27.0,0.0,0.0,0.0,0.0,0.0,0.0,0.0,31.0,86.0,20.0,62.0,0.0,162.0,131.0,227.0,20.0,0.0,0.0,0.0,37.0,0.0,0.0,0.0,29.0,0.0,0.0,0.0,0.0,0.0,0.0,0.0,0.0,22.0,0.0,0.0,0.0,0.0,0.0
13.913130653266332,20.0,0.0,0.0,0.0,104.0,0.0,35.0,0.0,0.0,0.0,51.0,0.0,0.0,0.0,56.0,225.0,27.0,39.0,0.0,0.0,0.0,0.0,0.0,0.0,0.0,0.0,26.0,0.0,50.0,0.0,43.0,34.0,0.0,0.0,0.0,0.0,0.0,0.0,0.0,0.0
14.050884422110554,0.0,0.0,0.0,0.0,0.0,0.0,0.0,0.0,23.0,57.0,0.0,109.0,104.0,95.0,100.0,191.0,161.0,38.0,0.0,0.0,0.0,0.0,22.0,0.0,0.0,0.0,63.0,0.0,0.0,0.0,0.0,0.0,0.0,0.0,0.0,0.0,0.0,0.0,0.0,0.0
14.188638190954775,0.0,27.0,0.0,0.0,0.0,42.0,27.0,0.0,0.0,0.0,136.0,36.0,98.0,196.0,130.0,43.0,137.0,105.0,0.0,0.0,0.0,0.0,0.0,43.0,0.0,0.0,0.0,0.0,0.0,0.0,0.0,0.0,0.0,0.0,0.0,0.0,0.0,0.0,0.0,0.0
14.326391959798997,0.0,0.0,0.0,0.0,0.0,0.0,55.0,0.0,0.0,63.0,157.0,32.0,0.0,106.0,67.0,187.0,55.0,110.0,0.0,0.0,0.0,0.0,0.0,0.0,0.0,0.0,101.0,0.0,0.0,0.0,0.0,0.0,0.0,0.0,0.0,25.0,0.0,20.0,0.0,0.0
14.464145728643217,0.0,0.0,58.0,0.0,0.0,0.0,35.0,0.0,56.0,62.0,128.0,0.0,0.0,195.0,157.0,112.0,98.0,112.0,0.0,0.0,0.0,0.0,0.0,47.0,0.0,0.0,0.0,0.0,36.0,0.0,26.0,0.0,0.0,0.0,0.0,0.0,0.0,0.0,0.0,0.0
14.60189949748744,0.0,32.0,20.0,0.0,0.0,0.0,0.0,32.0,56.0,32.0,132.0,114.0,111.0,76.0,87.0,22.0,58.0,34.0,33.0,0.0,0.0,0.0,0.0,0.0,0.0,0.0,22.0,0.0,20.0,42.0,0.0,0.0,0.0,0.0,0.0,0.0,0.0,0.0,0.0,0.0
14.739653266331658,0.0,0.0,0.0,0.0,0.0,0.0,0.0,0.0,40.0,87.0,37.0,23.0,52.0,63.0,24.0,30.0,77.0,20.0,0.0,0.0,0.0,0.0,0.0,0.0,0.0,0.0,0.0,0.0,0.0,0.0,0.0,0.0,29.0,0.0,0.0,28.0,0.0,0.0,59.0,26.0
14.877407035175878,0.0,0.0,0.0,0.0,0.0,0.0,38.0,59.0,0.0,0.0,36.0,34.0,124.0,98.0,23.0,83.0,141.0,65.0,20.0,0.0,0.0,0.0,0.0,0.0,0.0,0.0,0.0,0.0,0.0,0.0,0.0,0.0,0.0,20.0,0.0,0.0,29.0,0.0,0.0,0.0
15.0151608040201,0.0,0.0,21.0,0.0,0.0,0.0,51.0,0.0,20.0,33.0,0.0,131.0,42.0,0.0,91.0,30.0,21.0,91.0,39.0,0.0,0.0,0.0,0.0,0.0,0.0,0.0,0.0,20.0,0.0,0.0,0.0,0.0,0.0,0.0,0.0,0.0,0.0,0.0,0.0,25.0
15.15291457286432,0.0,22.0,0.0,0.0,0.0,0.0,0.0,0.0,0.0,34.0,110.0,117.0,55.0,249.0,115.0,100.0,23.0,103.0,0.0,0.0,0.0,0.0,0.0,0.0,105.0,0.0,0.0,0.0,0.0,0.0,23.0,0.0,0.0,0.0,0.0,20.0,0.0,47.0,22.0,66.0
15.290668341708542,0.0,0.0,0.0,0.0,31.0,34.0,0.0,20.0,26.0,0.0,22.0,90.0,98.0,22.0,28.0,108.0,136.0,54.0,0.0,0.0,0.0,0.0,0.0,0.0,44.0,0.0,0.0,0.0,0.0,0.0,0.0,22.0,0.0,0.0,0.0,27.0,20.0,21.0,19.0,39.0
15.428422110552763,29.0,0.0,0.0,0.0,0.0,0.0,0.0,0.0,0.0,22.0,0.0,0.0,309.0,24.0,133.0,52.0,133.0,110.0,48.0,0.0,0.0,0.0,0.0,0.0,0.0,0.0,26.0,0.0,20.0,0.0,20.0,0.0,0.0,0.0,0.0,23.0,19.0,56.0,20.0,0.0
15.566175879396985,0.0,0.0,0.0,0.0,0.0,0.0,96.0,0.0,0.0,0.0,75.0,0.0,69.0,118.0,71.0,91.0,180.0,75.0,0.0,0.0,0.0,0.0,0.0,0.0,0.0,0.0,0.0,21.0,0.0,38.0,42.0,0.0,0.0,0.0,0.0,0.0,21.0,42.0,0.0,0.0
15.703929648241205,0.0,0.0,0.0,0.0,0.0,0.0,0.0,72.0,44.0,79.0,70.0,25.0,156.0,136.0,92.0,95.0,48.0,19.0,0.0,0.0,0.0,0.0,0.0,0.0,0.0,0.0,20.0,0.0,21.0,0.0,0.0,0.0,0.0,0.0,71.0,0.0,0.0,47.0,51.0,35.0
15.841683417085427,0.0,0.0,0.0,0.0,55.0,0.0,0.0,0.0,0.0,0.0,0.0,0.0,53.0,164.0,26.0,135.0,107.0,44.0,0.0,0.0,0.0,0.0,0.0,0.0,40.0,0.0,0.0,0.0,22.0,0.0,0.0,0.0,22.0,20.0,0.0,0.0,0.0,0.0,59.0,22.0
15.979437185929648,0.0,0.0,0.0,0.0,0.0,22.0,0.0,41.0,0.0,64.0,21.0,60.0,145.0,108.0,128.0,71.0,82.0,67.0,0.0,0.0,0.0,0.0,0.0,0.0,81.0,20.0,39.0,50.0,21.0,0.0,0.0,0.0,0.0,0.0,22.0,45.0,20.0,0.0,71.0,49.0
16.117190954773868,0.0,0.0,49.0,0.0,40.0,0.0,29.0,49.0,55.0,0.0,31.0,26.0,0.0,60.0,96.0,158.0,243.0,0.0,0.0,0.0,0.0,0.0,0.0,0.0,0.0,43.0,22.0,0.0,22.0,0.0,0.0,27.0,0.0,0.0,0.0,0.0,0.0,42.0,0.0,40.0
16.25494472361809,0.0,0.0,0.0,0.0,0.0,0.0,0.0,0.0,37.0,20.0,0.0,70.0,138.0,28.0,83.0,120.0,60.0,126.0,0.0,0.0,0.0,0.0,0.0,0.0,0.0,0.0,0.0,41.0,0.0,0.0,55.0,0.0,50.0,19.0,0.0,0.0,0.0,0.0,64.0,23.0
16.392698492462312,0.0,0.0,0.0,0.0,0.0,0.0,27.0,0.0,25.0,0.0,0.0,0.0,0.0,38.0,60.0,82.0,145.0,77.0,0.0,0.0,0.0,0.0,0.0,0.0,0.0,0.0,0.0,0.0,43.0,0.0,0.0,0.0,0.0,0.0,0.0,0.0,44.0,20.0,0.0,46.0
16.530452261306532,0.0,0.0,0.0,0.0,0.0,0.0,43.0,54.0,28.0,0.0,22.0,21.0,19.0,23.0,22.0,38.0,171.0,105.0,0.0,0.0,0.0,0.0,0.0,0.0,0.0,0.0,22.0,0.0,0.0,20.0,0.0,0.0,0.0,0.0,0.0,65.0,0.0,0.0,20.0,22.0
16.668206030150753,0.0,27.0,0.0,0.0,0.0,0.0,59.0,37.0,26.0,0.0,0.0,83.0,65.0,152.0,69.0,159.0,143.0,0.0,0.0,0.0,0.0,0.0,0.0,0.0,19.0,0.0,0.0,0.0,0.0,0.0,0.0,0.0,0.0,0.0,98.0,24.0,0.0,0.0,0.0,0.0
16.805959798994973,38.0,0.0,0.0,0.0,0.0,0.0,0.0,83.0,0.0,36.0,0.0,134.0,53.0,136.0,181.0,40.0,92.0,65.0,0.0,38.0,0.0,0.0,0.0,0.0,25.0,0.0,0.0,0.0,45.0,45.0,0.0,0.0,0.0,0.0,0.0,0.0,0.0,0.0,42.0,0.0
16.943713567839197,0.0,0.0,0.0,0.0,34.0,0.0,0.0,0.0,0.0,0.0,45.0,0.0,27.0,36.0,30.0,148.0,27.0,26.0,29.0,0.0,0.0,0.0,0.0,0.0,0.0,0.0,0.0,0.0,45.0,0.0,0.0,65.0,0.0,0.0,0.0,0.0,0.0,0.0,34.0,0.0
17.081467336683417,0.0,0.0,20.0,0.0,0.0,60.0,52.0,27.0,57.0,52.0,0.0,0.0,78.0,70.0,22.0,23.0,52.0,88.0,0.0,22.0,0.0,0.0,0.0,35.0,0.0,0.0,0.0,0.0,0.0,0.0,0.0,0.0,60.0,0.0,0.0,0.0,0.0,0.0,0.0,20.0
17.219221105527637,0.0,0.0,0.0,0.0,0.0,0.0,0.0,25.0,0.0,41.0,98.0,137.0,64.0,82.0,19.0,76.0,0.0,88.0,0.0,0.0,0.0,0.0,0.0,0.0,0.0,0.0,0.0,0.0,0.0,0.0,0.0,0.0,0.0,0.0,0.0,0.0,0.0,28.0,0.0,0.0
17.356974874371858,0.0,0.0,0.0,0.0,0.0,0.0,0.0,25.0,0.0,0.0,31.0,91.0,54.0,52.0,25.0,51.0,20.0,103.0,0.0,0.0,0.0,0.0,0.0,0.0,0.0,0.0,0.0,0.0,0.0,0.0,0.0,0.0,0.0,0.0,0.0,0.0,0.0,0.0,0.0,0.0
17.49472864321608,0.0,0.0,0.0,0.0,0.0,0.0,0.0,27.0,46.0,22.0,0.0,23.0,33.0,60.0,189.0,66.0,98.0,0.0,0.0,0.0,0.0,0.0,0.0,0.0,0.0,0.0,0.0,0.0,0.0,0.0,0.0,0.0,0.0,0.0,0.0,0.0,0.0,0.0,19.0,0.0
17.632482412060302,0.0,0.0,0.0,0.0,0.0,0.0,20.0,0.0,32.0,165.0,0.0,94.0,76.0,130.0,75.0,58.0,65.0,33.0,0.0,0.0,0.0,0.0,0.0,0.0,0.0,0.0,0.0,0.0,0.0,0.0,0.0,43.0,0.0,0.0,0.0,0.0,0.0,0.0,0.0,0.0
17.770236180904522,0.0,0.0,0.0,0.0,0.0,0.0,0.0,0.0,0.0,0.0,98.0,23.0,65.0,76.0,123.0,175.0,44.0,174.0,62.0,0.0,0.0,0.0,0.0,22.0,0.0,0.0,0.0,0.0,0.0,0.0,0.0,0.0,0.0,0.0,0.0,0.0,0.0,19.0,0.0,0.0
17.907989949748742,0.0,0.0,0.0,0.0,0.0,0.0,0.0,0.0,37.0,0.0,42.0,0.0,220.0,29.0,87.0,0.0,169.0,46.0,40.0,0.0,0.0,0.0,0.0,0.0,0.0,0.0,0.0,0.0,0.0,0.0,0.0,0.0,0.0,0.0,0.0,0.0,0.0,0.0,0.0,0.0
18.045743718592966,0.0,24.0,0.0,22.0,0.0,26.0,0.0,0.0,0.0,0.0,52.0,0.0,36.0,57.0,23.0,145.0,0.0,27.0,0.0,0.0,0.0,0.0,0.0,0.0,22.0,0.0,0.0,74.0,0.0,0.0,0.0,0.0,0.0,0.0,0.0,0.0,0.0,0.0,0.0,0.0
18.183497487437187,0.0,0.0,0.0,0.0,0.0,0.0,0.0,0.0,22.0,42.0,0.0,142.0,164.0,92.0,108.0,25.0,116.0,52.0,0.0,0.0,0.0,0.0,0.0,0.0,0.0,0.0,30.0,0.0,0.0,0.0,0.0,24.0,0.0,0.0,0.0,0.0,0.0,0.0,0.0,0.0
18.321251256281407,0.0,0.0,0.0,0.0,0.0,0.0,0.0,25.0,0.0,35.0,20.0,23.0,0.0,105.0,167.0,151.0,35.0,41.0,0.0,0.0,0.0,0.0,0.0,118.0,0.0,0.0,0.0,0.0,44.0,0.0,0.0,0.0,0.0,0.0,0.0,0.0,22.0,0.0,0.0,0.0
18.459005025125627,0.0,0.0,45.0,44.0,0.0,0.0,0.0,0.0,0.0,0.0,21.0,0.0,256.0,0.0,135.0,0.0,144.0,98.0,0.0,0.0,0.0,0.0,0.0,0.0,0.0,0.0,0.0,0.0,0.0,0.0,57.0,0.0,0.0,0.0,0.0,0.0,0.0,0.0,0.0,0.0
18.59675879396985,0.0,0.0,0.0,0.0,0.0,19.0,31.0,0.0,0.0,21.0,56.0,81.0,0.0,34.0,44.0,20.0,0.0,52.0,27.0,0.0,0.0,0.0,0.0,20.0,0.0,0.0,0.0,0.0,0.0,25.0,0.0,72.0,0.0,0.0,0.0,0.0,0.0,0.0,0.0,0.0
18.73451256281407,0.0,0.0,0.0,0.0,35.0,0.0,64.0,42.0,20.0,0.0,71.0,25.0,0.0,27.0,47.0,0.0,93.0,20.0,0.0,20.0,0.0,0.0,0.0,0.0,36.0,0.0,0.0,0.0,0.0,0.0,0.0,0.0,0.0,0.0,36.0,0.0,0.0,0.0,0.0,0.0
18.87226633165829,0.0,0.0,0.0,0.0,0.0,0.0,42.0,0.0,0.0,50.0,243.0,0.0,0.0,146.0,48.0,36.0,32.0,20.0,0.0,0.0,0.0,0.0,0.0,0.0,57.0,0.0,0.0,0.0,0.0,0.0,0.0,0.0,0.0,0.0,0.0,0.0,0.0,0.0,0.0,0.0
19.010020100502512,0.0,0.0,0.0,0.0,0.0,0.0,0.0,0.0,25.0,23.0,0.0,20.0,64.0,138.0,32.0,118.0,86.0,57.0,0.0,0.0,0.0,0.0,0.0,0.0,25.0,0.0,0.0,0.0,0.0,0.0,0.0,0.0,0.0,22.0,0.0,0.0,0.0,0.0,0.0,0.0
19.147773869346736,0.0,0.0,0.0,0.0,0.0,20.0,27.0,31.0,0.0,30.0,94.0,0.0,0.0,52.0,0.0,32.0,28.0,0.0,0.0,0.0,0.0,0.0,0.0,0.0,0.0,0.0,0.0,83.0,0.0,0.0,0.0,0.0,0.0,0.0,0.0,0.0,0.0,0.0,0.0,0.0
19.285527638190956,0.0,0.0,0.0,0.0,0.0,0.0,0.0,0.0,0.0,25.0,71.0,20.0,143.0,29.0,98.0,120.0,37.0,90.0,0.0,0.0,0.0,0.0,0.0,0.0,0.0,0.0,0.0,0.0,0.0,0.0,0.0,0.0,0.0,0.0,0.0,0.0,0.0,0.0,0.0,0.0
19.423281407035176,0.0,0.0,0.0,0.0,0.0,0.0,38.0,24.0,35.0,31.0,33.0,66.0,209.0,34.0,68.0,125.0,102.0,82.0,0.0,0.0,0.0,0.0,0.0,0.0,51.0,0.0,0.0,0.0,0.0,0.0,0.0,0.0,0.0,0.0,0.0,0.0,0.0,0.0,0.0,0.0
19.561035175879397,0.0,0.0,0.0,0.0,0.0,0.0,0.0,21.0,126.0,25.0,36.0,0.0,47.0,52.0,34.0,68.0,0.0,40.0,0.0,0.0,0.0,0.0,0.0,0.0,0.0,0.0,0.0,0.0,0.0,0.0,0.0,0.0,0.0,0.0,0.0,0.0,0.0,0.0,0.0,0.0
19.69878894472362,0.0,0.0,0.0,0.0,0.0,0.0,0.0,65.0,20.0,69.0,0.0,46.0,69.0,99.0,29.0,95.0,109.0,70.0,38.0,0.0,0.0,0.0,19.0,0.0,0.0,0.0,0.0,0.0,0.0,0.0,0.0,0.0,0.0,0.0,0.0,0.0,0.0,0.0,0.0,0.0
19.83654271356784,0.0,0.0,0.0,0.0,0.0,0.0,29.0,0.0,0.0,0.0,0.0,0.0,169.0,43.0,248.0,21.0,31.0,109.0,0.0,0.0,0.0,0.0,0.0,0.0,0.0,0.0,87.0,0.0,0.0,0.0,0.0,0.0,0.0,0.0,0.0,21.0,0.0,0.0,0.0,0.0
19.97429648241206,0.0,0.0,0.0,0.0,34.0,0.0,0.0,0.0,0.0,20.0,39.0,75.0,0.0,160.0,103.0,0.0,69.0,0.0,0.0,0.0,0.0,0.0,0.0,0.0,0.0,0.0,50.0,0.0,0.0,0.0,0.0,0.0,0.0,0.0,0.0,19.0,0.0,0.0,0.0,0.0
20.11205025125628,0.0,0.0,0.0,0.0,0.0,0.0,0.0,0.0,26.0,94.0,34.0,39.0,0.0,95.0,349.0,0.0,125.0,128.0,0.0,0.0,0.0,0.0,0.0,0.0,0.0,0.0,0.0,0.0,0.0,0.0,0.0,0.0,0.0,0.0,0.0,0.0,0.0,0.0,0.0,0.0
20.249804020100505,0.0,0.0,0.0,42.0,0.0,0.0,0.0,0.0,0.0,0.0,0.0,64.0,39.0,26.0,62.0,27.0,33.0,43.0,0.0,0.0,30.0,0.0,0.0,42.0,0.0,0.0,45.0,0.0,0.0,0.0,0.0,0.0,0.0,0.0,0.0,0.0,0.0,0.0,0.0,0.0
20.387557788944726,0.0,0.0,0.0,0.0,0.0,27.0,0.0,29.0,97.0,0.0,58.0,31.0,32.0,24.0,33.0,92.0,194.0,50.0,0.0,0.0,0.0,0.0,0.0,0.0,0.0,0.0,0.0,0.0,0.0,0.0,0.0,0.0,0.0,0.0,0.0,0.0,0.0,0.0,0.0,0.0
20.525311557788946,0.0,0.0,0.0,0.0,0.0,0.0,0.0,30.0,0.0,26.0,35.0,78.0,163.0,25.0,86.0,39.0,101.0,25.0,73.0,0.0,0.0,0.0,0.0,0.0,44.0,68.0,0.0,0.0,0.0,0.0,0.0,0.0,0.0,0.0,0.0,0.0,0.0,0.0,0.0,0.0
20.663065326633166,0.0,0.0,0.0,0.0,0.0,0.0,0.0,30.0,67.0,0.0,0.0,0.0,26.0,62.0,41.0,0.0,81.0,22.0,0.0,0.0,0.0,0.0,0.0,32.0,0.0,0.0,0.0,0.0,0.0,0.0,0.0,0.0,0.0,0.0,0.0,0.0,0.0,0.0,0.0,0.0
20.800819095477387,34.0,0.0,0.0,0.0,0.0,0.0,0.0,30.0,46.0,20.0,0.0,60.0,0.0,20.0,95.0,0.0,159.0,22.0,0.0,0.0,0.0,0.0,0.0,0.0,0.0,0.0,0.0,29.0,0.0,0.0,0.0,0.0,0.0,0.0,0.0,0.0,0.0,0.0,0.0,0.0
20.938572864321607,0.0,0.0,0.0,24.0,0.0,0.0,0.0,0.0,0.0,0.0,0.0,74.0,32.0,59.0,75.0,31.0,61.0,87.0,0.0,0.0,0.0,0.0,0.0,0.0,0.0,0.0,0.0,0.0,68.0,0.0,0.0,0.0,0.0,0.0,0.0,0.0,0.0,0.0,0.0,0.0
21.07632663316583,0.0,0.0,0.0,0.0,0.0,0.0,0.0,47.0,35.0,76.0,65.0,52.0,128.0,42.0,35.0,162.0,53.0,36.0,0.0,0.0,0.0,0.0,0.0,0.0,0.0,0.0,45.0,0.0,0.0,0.0,0.0,0.0,0.0,0.0,0.0,0.0,0.0,0.0,0.0,0.0
21.21408040201005,0.0,0.0,0.0,0.0,0.0,0.0,0.0,0.0,0.0,32.0,45.0,0.0,160.0,20.0,198.0,128.0,44.0,0.0,0.0,0.0,0.0,0.0,0.0,0.0,33.0,0.0,0.0,75.0,0.0,0.0,0.0,32.0,0.0,0.0,0.0,0.0,0.0,0.0,0.0,0.0
21.35183417085427,0.0,71.0,0.0,0.0,0.0,0.0,0.0,0.0,37.0,23.0,0.0,204.0,0.0,133.0,92.0,29.0,156.0,75.0,0.0,0.0,0.0,0.0,0.0,52.0,20.0,0.0,0.0,0.0,0.0,0.0,0.0,0.0,58.0,0.0,0.0,0.0,0.0,0.0,0.0,0.0
21.48958793969849,0.0,0.0,0.0,0.0,0.0,0.0,46.0,36.0,0.0,21.0,20.0,0.0,80.0,144.0,99.0,159.0,0.0,30.0,52.0,0.0,0.0,0.0,0.0,0.0,0.0,0.0,56.0,20.0,0.0,0.0,0.0,0.0,0.0,0.0,0.0,0.0,0.0,0.0,0.0,0.0
21.627341708542716,0.0,31.0,0.0,0.0,0.0,0.0,0.0,0.0,0.0,0.0,64.0,31.0,95.0,51.0,110.0,56.0,46.0,0.0,0.0,0.0,0.0,0.0,0.0,0.0,0.0,0.0,0.0,0.0,0.0,0.0,0.0,0.0,0.0,0.0,0.0,0.0,0.0,0.0,0.0,0.0
21.765095477386936,0.0,0.0,0.0,36.0,0.0,0.0,0.0,0.0,43.0,0.0,0.0,40.0,49.0,66.0,60.0,105.0,0.0,41.0,122.0,0.0,0.0,0.0,0.0,0.0,0.0,0.0,0.0,0.0,0.0,0.0,0.0,0.0,0.0,0.0,0.0,0.0,0.0,0.0,0.0,0.0
21.902849246231156,0.0,0.0,0.0,0.0,0.0,0.0,0.0,0.0,0.0,0.0,0.0,0.0,0.0,63.0,51.0,23.0,21.0,211.0,56.0,0.0,0.0,0.0,0.0,32.0,0.0,0.0,0.0,0.0,31.0,40.0,0.0,0.0,0.0,0.0,0.0,0.0,0.0,0.0,0.0,0.0
22.040603015075376,0.0,0.0,0.0,0.0,0.0,23.0,22.0,0.0,0.0,23.0,53.0,39.0,62.0,32.0,57.0,102.0,60.0,0.0,0.0,0.0,0.0,0.0,0.0,0.0,43.0,0.0,0.0,0.0,0.0,0.0,0.0,0.0,0.0,0.0,0.0,0.0,0.0,0.0,0.0,0.0
22.1783567839196,0.0,0.0,0.0,0.0,0.0,0.0,20.0,45.0,30.0,25.0,44.0,90.0,79.0,132.0,140.0,42.0,175.0,22.0,0.0,0.0,0.0,0.0,0.0,20.0,0.0,0.0,0.0,0.0,0.0,0.0,0.0,0.0,0.0,0.0,0.0,0.0,0.0,0.0,0.0,0.0
22.31611055276382,0.0,0.0,0.0,54.0,0.0,0.0,0.0,0.0,49.0,27.0,33.0,0.0,117.0,0.0,53.0,36.0,103.0,21.0,0.0,0.0,0.0,0.0,0.0,32.0,0.0,57.0,0.0,0.0,0.0,0.0,0.0,0.0,0.0,0.0,0.0,0.0,0.0,0.0,0.0,0.0
22.45386432160804,0.0,0.0,0.0,0.0,0.0,0.0,0.0,0.0,0.0,98.0,43.0,64.0,101.0,124.0,120.0,70.0,73.0,78.0,0.0,0.0,0.0,0.0,0.0,0.0,0.0,0.0,0.0,0.0,0.0,0.0,0.0,0.0,0.0,0.0,0.0,0.0,0.0,0.0,0.0,0.0
22.59161809045226,0.0,0.0,0.0,0.0,76.0,0.0,0.0,0.0,0.0,0.0,0.0,79.0,45.0,24.0,53.0,79.0,118.0,27.0,0.0,0.0,0.0,0.0,0.0,0.0,0.0,0.0,0.0,0.0,0.0,0.0,0.0,0.0,0.0,0.0,0.0,0.0,0.0,0.0,0.0,0.0
22.729371859296485,0.0,0.0,0.0,0.0,0.0,91.0,0.0,41.0,0.0,53.0,0.0,25.0,89.0,39.0,0.0,57.0,26.0,22.0,0.0,0.0,0.0,0.0,0.0,0.0,0.0,0.0,0.0,0.0,0.0,0.0,0.0,0.0,0.0,0.0,0.0,0.0,0.0,0.0,0.0,0.0
22.867125628140702,0.0,0.0,0.0,0.0,0.0,0.0,19.0,0.0,0.0,34.0,127.0,50.0,50.0,0.0,115.0,39.0,145.0,34.0,0.0,0.0,0.0,0.0,0.0,0.0,0.0,0.0,0.0,0.0,0.0,0.0,0.0,0.0,0.0,0.0,0.0,0.0,0.0,0.0,0.0,0.0
23.004879396984926,0.0,0.0,0.0,0.0,22.0,37.0,0.0,0.0,27.0,0.0,90.0,133.0,0.0,49.0,143.0,31.0,89.0,0.0,0.0,0.0,0.0,0.0,0.0,63.0,0.0,0.0,0.0,0.0,0.0,0.0,0.0,0.0,0.0,0.0,0.0,0.0,0.0,0.0,0.0,0.0
23.142633165829146,0.0,0.0,0.0,0.0,0.0,0.0,0.0,0.0,0.0,0.0,40.0,21.0,33.0,31.0,42.0,254.0,57.0,31.0,0.0,0.0,0.0,0.0,0.0,0.0,45.0,0.0,0.0,20.0,0.0,0.0,0.0,76.0,0.0,0.0,0.0,0.0,0.0,0.0,0.0,0.0
23.28038693467337,0.0,0.0,0.0,0.0,22.0,0.0,0.0,0.0,40.0,0.0,74.0,0.0,0.0,95.0,0.0,210.0,28.0,28.0,0.0,0.0,0.0,0.0,0.0,22.0,0.0,26.0,0.0,0.0,0.0,0.0,24.0,0.0,0.0,0.0,0.0,0.0,0.0,0.0,0.0,0.0
23.418140703517587,0.0,49.0,0.0,0.0,0.0,0.0,27.0,27.0,27.0,0.0,19.0,46.0,40.0,0.0,132.0,35.0,104.0,108.0,0.0,0.0,0.0,0.0,0.0,0.0,0.0,0.0,0.0,20.0,0.0,0.0,0.0,0.0,47.0,0.0,0.0,0.0,0.0,0.0,0.0,0.0
23.555894472361807,0.0,26.0,0.0,22.0,0.0,0.0,32.0,43.0,0.0,34.0,0.0,28.0,44.0,105.0,19.0,74.0,0.0,91.0,0.0,0.0,0.0,0.0,0.0,0.0,0.0,0.0,0.0,0.0,0.0,0.0,0.0,0.0,0.0,0.0,0.0,0.0,0.0,26.0,0.0,0.0
23.69364824120603,0.0,0.0,0.0,0.0,0.0,0.0,0.0,0.0,0.0,20.0,47.0,68.0,46.0,63.0,45.0,22.0,82.0,189.0,0.0,0.0,0.0,0.0,0.0,0.0,0.0,0.0,0.0,0.0,0.0,0.0,0.0,0.0,0.0,0.0,0.0,0.0,0.0,0.0,0.0,0.0
23.83140201005025,0.0,0.0,0.0,0.0,0.0,0.0,92.0,0.0,0.0,0.0,171.0,0.0,0.0,108.0,132.0,73.0,244.0,101.0,0.0,0.0,0.0,29.0,0.0,0.0,0.0,0.0,0.0,20.0,22.0,0.0,0.0,0.0,0.0,0.0,0.0,0.0,0.0,0.0,0.0,0.0
23.96915577889447,0.0,0.0,0.0,0.0,28.0,32.0,0.0,0.0,0.0,0.0,0.0,0.0,45.0,61.0,38.0,52.0,0.0,102.0,0.0,0.0,0.0,0.0,0.0,38.0,0.0,0.0,44.0,0.0,0.0,0.0,0.0,0.0,0.0,0.0,0.0,0.0,0.0,0.0,0.0,0.0
24.10690954773869,24.0,0.0,0.0,0.0,43.0,0.0,27.0,0.0,0.0,0.0,0.0,64.0,189.0,130.0,95.0,165.0,26.0,22.0,0.0,0.0,0.0,0.0,0.0,0.0,0.0,0.0,0.0,0.0,0.0,0.0,0.0,0.0,0.0,0.0,0.0,0.0,0.0,0.0,0.0,0.0
24.244663316582916,0.0,0.0,0.0,0.0,0.0,0.0,0.0,0.0,0.0,0.0,69.0,20.0,0.0,107.0,48.0,74.0,0.0,0.0,0.0,0.0,0.0,0.0,0.0,0.0,0.0,0.0,0.0,0.0,0.0,0.0,20.0,0.0,22.0,29.0,0.0,0.0,0.0,0.0,0.0,0.0
24.382417085427132,50.0,0.0,0.0,0.0,0.0,0.0,0.0,22.0,0.0,0.0,35.0,0.0,0.0,28.0,22.0,37.0,32.0,38.0,0.0,0.0,0.0,0.0,0.0,0.0,0.0,0.0,0.0,0.0,0.0,0.0,0.0,55.0,0.0,0.0,0.0,0.0,0.0,0.0,0.0,0.0
24.520170854271356,0.0,44.0,0.0,0.0,0.0,0.0,0.0,43.0,0.0,0.0,48.0,103.0,93.0,180.0,29.0,67.0,56.0,115.0,0.0,0.0,0.0,0.0,0.0,0.0,0.0,0.0,0.0,0.0,49.0,0.0,0.0,30.0,0.0,0.0,0.0,0.0,0.0,0.0,0.0,0.0
24.657924623115576,35.0,0.0,0.0,0.0,0.0,29.0,0.0,0.0,0.0,0.0,25.0,0.0,50.0,65.0,22.0,0.0,54.0,72.0,0.0,20.0,0.0,0.0,0.0,0.0,32.0,36.0,0.0,0.0,0.0,0.0,0.0,0.0,0.0,0.0,37.0,0.0,19.0,0.0,0.0,0.0
24.7956783919598,0.0,0.0,0.0,0.0,0.0,0.0,33.0,0.0,0.0,33.0,47.0,93.0,132.0,102.0,93.0,0.0,90.0,27.0,0.0,0.0,0.0,33.0,0.0,0.0,20.0,0.0,49.0,0.0,0.0,0.0,0.0,0.0,0.0,40.0,0.0,0.0,0.0,0.0,0.0,20.0
24.933432160804017,0.0,0.0,71.0,0.0,0.0,0.0,0.0,0.0,0.0,0.0,87.0,51.0,80.0,62.0,108.0,93.0,64.0,0.0,0.0,0.0,0.0,0.0,0.0,25.0,20.0,22.0,0.0,0.0,0.0,0.0,0.0,0.0,0.0,0.0,0.0,0.0,0.0,0.0,0.0,0.0
25.07118592964824,0.0,0.0,0.0,0.0,0.0,88.0,0.0,0.0,68.0,0.0,89.0,0.0,25.0,0.0,37.0,30.0,49.0,30.0,0.0,0.0,0.0,0.0,0.0,0.0,0.0,0.0,0.0,0.0,0.0,0.0,0.0,0.0,0.0,0.0,29.0,0.0,0.0,0.0,0.0,0.0
25.20893969849246,0.0,0.0,0.0,0.0,34.0,0.0,0.0,0.0,67.0,77.0,0.0,31.0,0.0,94.0,0.0,68.0,51.0,40.0,0.0,0.0,0.0,0.0,0.0,0.0,0.0,0.0,0.0,0.0,41.0,0.0,0.0,0.0,0.0,0.0,24.0,0.0,0.0,0.0,0.0,26.0
25.346693467336685,0.0,0.0,0.0,56.0,0.0,0.0,47.0,69.0,0.0,34.0,52.0,0.0,53.0,77.0,0.0,90.0,96.0,178.0,56.0,0.0,0.0,0.0,0.0,0.0,0.0,28.0,0.0,20.0,0.0,0.0,0.0,0.0,0.0,0.0,0.0,35.0,0.0,0.0,0.0,0.0
25.484447236180902,0.0,0.0,0.0,0.0,22.0,0.0,0.0,27.0,31.0,0.0,93.0,0.0,75.0,0.0,167.0,163.0,42.0,0.0,43.0,0.0,0.0,0.0,0.0,0.0,0.0,25.0,0.0,0.0,0.0,60.0,25.0,0.0,0.0,0.0,0.0,0.0,0.0,0.0,0.0,0.0
25.622201005025126,0.0,0.0,0.0,0.0,41.0,0.0,0.0,0.0,76.0,30.0,0.0,96.0,36.0,194.0,20.0,59.0,60.0,27.0,0.0,0.0,0.0,0.0,0.0,0.0,0.0,65.0,0.0,41.0,0.0,41.0,0.0,0.0,0.0,0.0,0.0,0.0,0.0,0.0,0.0,0.0
25.759954773869346,0.0,0.0,0.0,0.0,0.0,0.0,0.0,0.0,0.0,0.0,70.0,35.0,0.0,29.0,0.0,47.0,19.0,37.0,0.0,0.0,0.0,0.0,0.0,0.0,0.0,0.0,0.0,22.0,0.0,0.0,0.0,0.0,0.0,0.0,0.0,22.0,0.0,0.0,0.0,0.0
25.89770854271357,0.0,0.0,0.0,0.0,0.0,0.0,0.0,86.0,34.0,0.0,97.0,0.0,28.0,41.0,122.0,101.0,0.0,25.0,35.0,0.0,0.0,0.0,0.0,0.0,0.0,0.0,0.0,0.0,36.0,0.0,0.0,0.0,0.0,0.0,0.0,0.0,0.0,0.0,0.0,0.0
26.035462311557787,0.0,0.0,0.0,0.0,0.0,0.0,0.0,75.0,0.0,0.0,68.0,55.0,23.0,78.0,35.0,105.0,76.0,0.0,0.0,0.0,0.0,0.0,0.0,57.0,0.0,0.0,0.0,0.0,0.0,0.0,0.0,0.0,0.0,0.0,0.0,0.0,24.0,0.0,0.0,0.0
26.17321608040201,37.0,0.0,0.0,0.0,0.0,0.0,0.0,0.0,0.0,27.0,0.0,0.0,57.0,0.0,54.0,60.0,114.0,63.0,0.0,0.0,0.0,0.0,0.0,0.0,0.0,22.0,0.0,0.0,0.0,0.0,0.0,0.0,0.0,0.0,0.0,0.0,0.0,0.0,0.0,0.0
26.31096984924623,0.0,0.0,0.0,0.0,0.0,0.0,0.0,0.0,0.0,0.0,0.0,120.0,114.0,130.0,149.0,35.0,60.0,86.0,0.0,0.0,0.0,0.0,0.0,0.0,0.0,0.0,0.0,35.0,0.0,0.0,0.0,0.0,0.0,0.0,0.0,0.0,0.0,0.0,0.0,0.0
26.448723618090455,0.0,0.0,0.0,0.0,0.0,24.0,0.0,0.0,0.0,0.0,53.0,47.0,0.0,89.0,111.0,0.0,99.0,30.0,37.0,29.0,0.0,0.0,0.0,0.0,0.0,0.0,0.0,0.0,0.0,105.0,0.0,0.0,0.0,0.0,0.0,0.0,0.0,0.0,0.0,0.0
26.58647738693467,0.0,0.0,52.0,0.0,0.0,0.0,0.0,0.0,0.0,37.0,0.0,56.0,38.0,38.0,111.0,107.0,62.0,0.0,0.0,0.0,0.0,0.0,0.0,0.0,0.0,0.0,0.0,0.0,0.0,20.0,0.0,21.0,0.0,0.0,0.0,0.0,0.0,0.0,0.0,0.0
26.724231155778895,0.0,0.0,0.0,0.0,19.0,0.0,0.0,45.0,40.0,0.0,0.0,93.0,0.0,121.0,158.0,169.0,0.0,0.0,0.0,0.0,0.0,0.0,0.0,0.0,0.0,0.0,0.0,0.0,0.0,0.0,0.0,34.0,0.0,0.0,0.0,0.0,28.0,0.0,0.0,0.0
26.861984924623115,0.0,0.0,0.0,33.0,0.0,0.0,0.0,34.0,72.0,0.0,69.0,0.0,140.0,0.0,95.0,42.0,41.0,27.0,0.0,0.0,0.0,0.0,0.0,0.0,0.0,0.0,0.0,0.0,0.0,0.0,0.0,0.0,0.0,0.0,0.0,0.0,0.0,0.0,0.0,0.0
26.99973869346734,0.0,0.0,0.0,0.0,0.0,0.0,0.0,33.0,0.0,0.0,30.0,58.0,157.0,25.0,61.0,25.0,133.0,0.0,0.0,0.0,0.0,0.0,0.0,0.0,0.0,0.0,30.0,0.0,0.0,0.0,0.0,0.0,0.0,0.0,0.0,0.0,0.0,0.0,0.0,0.0
27.137492462311556,0.0,32.0,26.0,0.0,0.0,0.0,0.0,0.0,0.0,38.0,147.0,124.0,0.0,25.0,36.0,192.0,54.0,69.0,0.0,0.0,0.0,0.0,0.0,0.0,0.0,0.0,0.0,0.0,0.0,0.0,0.0,0.0,0.0,0.0,0.0,0.0,0.0,0.0,0.0,0.0
27.27524623115578,0.0,0.0,0.0,0.0,0.0,24.0,0.0,0.0,39.0,33.0,53.0,29.0,0.0,71.0,0.0,199.0,102.0,31.0,0.0,0.0,0.0,0.0,0.0,0.0,0.0,0.0,31.0,0.0,0.0,0.0,0.0,0.0,0.0,0.0,0.0,0.0,0.0,0.0,41.0,0.0
27.413,0.0,0.0,0.0,0.0,0.0,0.0,74.0,27.0,0.0,0.0,39.0,75.0,28.0,0.0,194.0,106.0,119.0,158.0,59.0,0.0,0.0,0.0,0.0,0.0,0.0,20.0,0.0,0.0,0.0,0.0,25.0,0.0,0.0,0.0,0.0,0.0,0.0,0.0,0.0,0.0
