# Range file name:,BSA15E.txt,BSA15E.txt.1,BSA15E.txt.2,BSA15E.txt.3,BSA15E.txt.4,BSA15E.txt.5,BSA15E.txt.6,BSA15E.txt.7,BSA15E.txt.8,BSA15E.txt.9,BSA15E.txt.10,BSA15E.txt.11,BSA15E.txt.12,BSA15E.txt.13,BSA15E.txt.14,BSA15E.txt.15,BSA15E.txt.16,BSA15E.txt.17,BSA15E.txt.18,BSA15E.txt.19,BSA15E.txt.20,BSA15E.txt.21,BSA15E.txt.22,BSA15E.txt.23,BSA15E.txt.24,BSA15E.txt.25,BSA15E.txt.26,BSA15E.txt.27,BSA15E.txt.28,BSA15E.txt.29,BSA15E.txt.30,BSA15E.txt.31,BSA15E.txt.32,BSA15E.txt.33,BSA15E.txt.34,BSA15E.txt.35,BSA15E.txt.36,BSA15E.txt.37,BSA15E.txt.38,BSA15E.txt.39
# Raw file name:,251001_BSA_CIU_high_EA.raw,251001_BSA_CIU_high_EB.raw,251001_BSA_CIU_high_EC.raw,251001_BSA_CIU_high_ED.raw,251001_BSA_CIU_high_EE.raw,251001_BSA_CIU_high_EF.raw,251001_BSA_CIU_high_EG.raw,251001_BSA_CIU_high_EH.raw,251001_BSA_CIU_high_EI.raw,251001_BSA_CIU_high_EJ.raw,251001_BSA_CIU_high_EK.raw,251001_BSA_CIU_high_EL.raw,251001_BSA_CIU_high_EM.raw,251001_BSA_CIU_high_EN.raw,251001_BSA_CIU_high_EO.raw,251001_BSA_CIU_high_EP.raw,251001_BSA_CIU_high_EQ.raw,251001_BSA_CIU_high_ER.raw,251001_BSA_CIU_high_ES.raw,251001_BSA_CIU_high_ET.raw,251001_BSA_CIU_high_EU.raw,251001_BSA_CIU_high_EV.raw,251001_BSA_CIU_high_EW.raw,251001_BSA_CIU_high_EX.raw,251001_BSA_CIU_high_EY.raw,251001_BSA_CIU_high_EZ.raw,251001_BSA_CIU_high_FA.raw,251001_BSA_CIU_high_FB.raw,251001_BSA_CIU_high_FC.raw,251001_BSA_CIU_high_FD.raw,251001_BSA_CIU_high_FE.raw,251001_BSA_CIU_high_FF.raw,251001_BSA_CIU_high_FG.raw,251001_BSA_CIU_high_FH.raw,251001_BSA_CIU_high_FI.raw,251001_BSA_CIU_high_FJ.raw,251001_BSA_CIU_high_FK.raw,251001_BSA_CIU_high_FL.raw,251001_BSA_CIU_high_FM.raw,251001_BSA_CIU_high_FN.raw
$TrapCV:,5.0,10.0,15.0,20.0,25.0,30.0,35.0,40.0,45.0,50.0,55.0,60.0,65.0,70.0,75.0,80.0,85.0,90.0,95.0,100.0,105.0,110.0,115.0,120.0,125.0,130.0,135.0,140.0,145.0,150.0,155.0,160.0,165.0,170.0,175.0,180.0,185.0,190.0,195.0,200.0
0.0,20.0,0.0,0.0,0.0,0.0,0.0,40.0,0.0,0.0,0.0,0.0,81.0,22.0,0.0,121.0,0.0,168.0,0.0,34.0,104.0,77.0,75.0,72.0,0.0,48.0,29.0,56.0,36.0,193.0,104.0,0.0,53.0,33.0,25.0,36.0,0.0,0.0,0.0,0.0,0.0
48766.2,0.0,0.0,0.0,0.0,0.0,0.0,0.0,0.0,0.0,0.0,27.0,32.0,120.0,67.0,150.0,162.0,131.0,63.0,0.0,148.0,83.0,84.0,62.0,122.0,0.0,88.0,45.0,180.0,127.0,132.0,0.0,22.0,0.0,20.0,0.0,0.0,0.0,0.0,0.0,0.0
44891.8,61.0,0.0,0.0,28.0,0.0,29.0,33.0,38.0,29.0,0.0,34.0,58.0,0.0,0.0,137.0,46.0,51.0,86.0,184.0,34.0,0.0,106.0,39.0,115.0,41.0,0.0,112.0,60.0,68.0,64.0,0.0,0.0,0.0,0.0,0.0,0.0,0.0,0.0,0.0,0.0
42007,20.0,49.0,24.0,33.0,28.0,0.0,0.0,0.0,0.0,30.0,44.0,20.0,0.0,47.0,0.0,24.0,49.0,56.0,179.0,82.0,92.0,0.0,62.0,46.0,20.0,0.0,135.0,0.0,51.0,29.0,28.0,0.0,30.0,0.0,0.0,0.0,0.0,0.0,0.0,0.0
41087.9,54.0,0.0,20.0,0.0,0.0,67.0,0.0,0.0,0.0,0.0,36.0,0.0,66.0,0.0,81.0,90.0,138.0,26.0,96.0,52.0,78.0,103.0,159.0,80.0,33.0,31.0,0.0,79.0,125.0,66.0,149.0,69.0,36.0,0.0,0.0,0.0,0.0,0.0,0.0,0.0
40167.5,25.0,20.0,0.0,0.0,0.0,29.0,24.0,31.0,78.0,0.0,0.0,66.0,0.0,29.0,0.0,20.0,39.0,114.0,0.0,186.0,69.0,22.0,0.0,83.0,102.0,34.0,68.0,241.0,215.0,230.0,39.0,0.0,0.0,0.0,0.0,0.0,96.0,0.0,0.0,0.0
38326.6,110.0,50.0,59.0,20.0,0.0,0.0,0.0,0.0,34.0,0.0,168.0,110.0,19.0,0.0,73.0,87.0,26.0,77.0,105.0,89.0,115.0,48.0,110.0,22.0,112.0,0.0,0.0,145.0,158.0,142.0,21.0,24.0,0.0,42.0,0.0,28.0,0.0,22.0,26.0,0.0
36435.4,71.0,22.0,56.0,0.0,70.0,0.0,41.0,0.0,0.0,0.0,30.0,72.0,0.0,0.0,30.0,35.0,69.0,29.0,141.0,59.0,56.0,221.0,114.0,126.0,105.0,0.0,0.0,34.0,177.0,48.0,60.0,0.0,0.0,0.0,21.0,0.0,0.0,0.0,35.0,0.0
35526.5,51.0,58.0,28.0,0.0,0.0,0.0,0.0,0.0,0.0,61.0,25.0,0.0,0.0,0.0,19.0,32.0,93.0,115.0,67.0,94.0,20.0,82.0,0.0,62.0,66.0,0.0,0.0,115.0,169.0,69.0,52.0,31.0,0.0,25.0,0.0,0.0,0.0,0.0,0.0,0.0
33629.4,71.0,33.0,0.0,0.0,0.0,0.0,0.0,44.0,0.0,0.0,0.0,133.0,0.0,22.0,42.0,117.0,28.0,121.0,41.0,162.0,112.0,97.0,146.0,31.0,117.0,43.0,0.0,0.0,126.0,224.0,27.0,0.0,0.0,34.0,21.0,0.0,0.0,0.0,0.0,0.0
29786.2,0.0,0.0,0.0,24.0,103.0,0.0,0.0,0.0,0.0,25.0,0.0,0.0,34.0,41.0,63.0,36.0,86.0,44.0,145.0,222.0,25.0,38.0,54.0,60.0,100.0,0.0,0.0,201.0,26.0,89.0,0.0,0.0,0.0,26.0,0.0,0.0,0.0,0.0,0.0,0.0
27885.5,22.0,0.0,60.0,0.0,0.0,82.0,0.0,24.0,0.0,0.0,35.0,0.0,74.0,27.0,46.0,79.0,28.0,71.0,91.0,65.0,66.0,0.0,170.0,33.0,70.0,0.0,86.0,96.0,102.0,26.0,24.0,0.0,32.0,0.0,0.0,30.0,40.0,0.0,0.0,0.0
25000.9,20.0,0.0,20.0,25.0,0.0,61.0,29.0,50.0,0.0,0.0,27.0,22.0,25.0,37.0,53.0,0.0,32.0,62.0,69.0,131.0,44.0,45.0,71.0,22.0,92.0,0.0,0.0,69.0,179.0,0.0,46.0,31.0,0.0,0.0,25.0,0.0,0.0,0.0,0.0,0.0
23138.3,0.0,0.0,138.0,0.0,0.0,0.0,48.0,0.0,0.0,33.0,0.0,28.0,22.0,53.0,75.0,0.0,80.0,39.0,107.0,63.0,95.0,58.0,64.0,0.0,143.0,0.0,0.0,208.0,161.0,130.0,31.0,59.0,0.0,45.0,56.0,0.0,0.0,0.0,0.0,0.0
23219.8,0.0,0.0,20.0,34.0,43.0,22.0,35.0,0.0,0.0,0.0,0.0,0.0,28.0,179.0,29.0,72.0,34.0,62.0,0.0,24.0,36.0,174.0,148.0,84.0,53.0,47.0,0.0,157.0,55.0,0.0,0.0,73.0,0.0,47.0,60.0,67.0,0.0,0.0,0.0,0.0
23332.1,22.0,38.0,35.0,0.0,0.0,0.0,0.0,36.0,0.0,20.0,92.0,30.0,0.0,0.0,46.0,60.0,109.0,0.0,48.0,20.0,0.0,24.0,67.0,265.0,28.0,22.0,50.0,150.0,57.0,27.0,37.0,0.0,45.0,32.0,0.0,0.0,0.0,0.0,0.0,0.0
23436.4,0.0,0.0,0.0,0.0,0.0,0.0,0.0,61.0,0.0,25.0,0.0,55.0,171.0,91.0,295.0,32.0,57.0,154.0,89.0,24.0,207.0,139.0,62.0,123.0,20.0,0.0,100.0,107.0,87.0,144.0,0.0,0.0,0.0,26.0,32.0,0.0,0.0,0.0,0.0,0.0
21536.2,0.0,0.0,24.0,0.0,20.0,36.0,0.0,0.0,0.0,0.0,0.0,0.0,0.0,0.0,77.0,0.0,97.0,77.0,84.0,0.0,29.0,183.0,120.0,130.0,81.0,0.0,0.0,134.0,190.0,103.0,45.0,0.0,0.0,0.0,0.0,22.0,0.0,0.0,0.0,20.0
20619.6,0.0,0.0,87.0,0.0,0.0,0.0,0.0,20.0,0.0,0.0,0.0,44.0,96.0,47.0,0.0,50.0,0.0,203.0,69.0,19.0,24.0,20.0,63.0,105.0,52.0,62.0,0.0,162.0,61.0,106.0,43.0,42.0,0.0,0.0,0.0,0.0,66.0,0.0,40.0,0.0
19720.8,0.0,0.0,308.0,0.0,20.0,70.0,0.0,0.0,26.0,0.0,0.0,23.0,0.0,0.0,0.0,29.0,104.0,67.0,96.0,22.0,131.0,100.0,26.0,45.0,89.0,0.0,66.0,0.0,148.0,48.0,33.0,0.0,0.0,0.0,0.0,0.0,29.0,0.0,0.0,0.0
18822.6,0.0,0.0,506.0,0.0,0.0,42.0,0.0,0.0,0.0,33.0,63.0,45.0,30.0,131.0,76.0,46.0,121.0,131.0,54.0,67.0,51.0,103.0,85.0,235.0,105.0,20.0,87.0,0.0,97.0,171.0,53.0,0.0,0.0,52.0,0.0,34.0,0.0,37.0,0.0,0.0
16930.8,0.0,0.0,326.0,0.0,42.0,19.0,0.0,30.0,0.0,0.0,0.0,0.0,19.0,54.0,56.0,0.0,53.0,0.0,0.0,29.0,57.0,120.0,74.0,118.0,128.0,0.0,34.0,36.0,0.0,183.0,23.0,0.0,0.0,83.0,0.0,0.0,45.0,0.0,0.0,0.0
17054.6,0.0,0.0,243.0,0.0,0.0,0.0,45.0,51.0,20.0,0.0,19.0,36.0,159.0,0.0,0.0,52.0,0.0,30.0,34.0,70.0,0.0,106.0,0.0,84.0,55.0,85.0,107.0,86.0,54.0,136.0,39.0,23.0,0.0,99.0,0.0,0.0,0.0,0.0,46.0,0.0
14184.8,0.0,0.0,42.0,0.0,74.0,32.0,98.0,0.0,0.0,71.0,43.0,0.0,24.0,70.0,0.0,53.0,0.0,0.0,118.0,67.0,140.0,36.0,116.0,52.0,78.0,37.0,39.0,190.0,167.0,96.0,37.0,27.0,0.0,52.0,24.0,24.0,0.0,0.0,0.0,20.0
13321.1,59.0,233.0,297.0,200.0,447.0,101.0,610.0,289.0,61.0,42.0,41.0,48.0,0.0,87.0,0.0,152.0,49.0,63.0,63.0,68.0,86.0,67.0,45.0,77.0,112.0,60.0,0.0,0.0,83.0,90.0,36.0,51.0,0.0,0.0,36.0,0.0,0.0,0.0,0.0,0.0
13421.8,1365.0,1481.0,1622.0,2124.0,2214.0,2609.0,2099.0,1344.0,363.0,178.0,28.0,0.0,142.0,66.0,115.0,26.0,71.0,82.0,95.0,103.0,34.0,94.0,74.0,76.0,55.0,154.0,0.0,137.0,68.0,85.0,81.0,30.0,0.0,30.0,0.0,22.0,0.0,0.0,0.0,44.0
11552.1,5573.0,5464.0,6018.0,6833.0,5759.0,5515.0,6121.0,3198.0,904.0,89.0,0.0,0.0,143.0,104.0,115.0,24.0,74.0,44.0,59.0,121.0,58.0,136.0,56.0,189.0,75.0,65.0,87.0,56.0,78.0,188.0,0.0,40.0,0.0,0.0,0.0,0.0,0.0,0.0,0.0,0.0
9687.3,6853.0,8497.0,8998.0,9782.0,9947.0,8344.0,8748.0,9383.0,8032.0,3667.0,477.0,0.0,75.0,104.0,68.0,41.0,70.0,86.0,70.0,70.0,116.0,77.0,181.0,58.0,137.0,158.0,0.0,55.0,52.0,68.0,22.0,0.0,59.0,30.0,0.0,20.0,0.0,0.0,0.0,0.0
7801.43,7807.0,8216.0,9386.0,11064.0,16145.0,27290.0,57746.0,85897.0,77952.0,37209.0,4303.0,209.0,171.0,121.0,0.0,32.0,128.0,50.0,27.0,147.0,143.0,21.0,0.0,92.0,82.0,22.0,0.0,64.0,0.0,55.0,84.0,0.0,35.0,31.0,0.0,21.0,0.0,0.0,0.0,0.0
7913.88,30190.0,31414.0,36828.0,52571.0,93150.0,163047.0,262597.0,275013.0,246332.0,139926.0,23768.0,2377.0,659.0,58.0,51.0,51.0,127.0,0.0,111.0,96.0,77.0,90.0,34.0,155.0,74.0,24.0,56.0,0.0,78.0,131.0,0.0,0.0,20.0,51.0,0.0,41.0,0.0,0.0,0.0,52.0
8025.96,106567.0,122087.0,127913.0,165628.0,235682.0,344223.0,460448.0,430851.0,377666.0,231249.0,53500.0,6303.0,1494.0,285.0,0.0,98.0,61.0,112.0,58.0,125.0,62.0,79.0,0.0,76.0,31.0,42.0,109.0,68.0,71.0,44.0,0.0,0.0,0.0,0.0,42.0,0.0,0.0,75.0,0.0,0.0
8148.63,155812.0,163311.0,175660.0,217480.0,279078.0,375265.0,477171.0,439425.0,390425.0,270207.0,79153.0,12622.0,2321.0,532.0,272.0,118.0,60.0,137.0,44.0,54.0,41.0,29.0,49.0,0.0,137.0,0.0,41.0,72.0,180.0,39.0,159.0,0.0,0.0,32.0,60.0,25.0,0.0,0.0,0.0,0.0
8238.03,126353.0,136128.0,147261.0,175027.0,209108.0,274860.0,341746.0,335884.0,320058.0,257258.0,104146.0,18983.0,2832.0,732.0,194.0,112.0,80.0,102.0,100.0,27.0,110.0,49.0,176.0,32.0,60.0,27.0,66.0,0.0,215.0,26.0,20.0,0.0,49.0,0.0,34.0,0.0,0.0,0.0,0.0,0.0
7343.3,74028.0,80036.0,84174.0,97649.0,119634.0,152984.0,199914.0,222802.0,250641.0,252856.0,140949.0,30485.0,5592.0,964.0,154.0,75.0,36.0,0.0,137.0,160.0,0.0,32.0,22.0,110.0,64.0,236.0,108.0,19.0,35.0,81.0,90.0,0.0,30.0,0.0,0.0,0.0,0.0,48.0,0.0,0.0
6439.04,30975.0,33389.0,34181.0,43033.0,49569.0,64540.0,93987.0,127206.0,184448.0,247327.0,177406.0,51573.0,8327.0,1830.0,295.0,62.0,165.0,57.0,93.0,40.0,37.0,113.0,70.0,36.0,117.0,134.0,61.0,154.0,87.0,105.0,0.0,0.0,0.0,28.0,19.0,101.0,0.0,0.0,41.0,0.0
6533.93,9030.0,9674.0,9920.0,11320.0,14542.0,20928.0,39113.0,65003.0,130228.0,227658.0,198083.0,72075.0,13677.0,3470.0,559.0,166.0,325.0,68.0,78.0,106.0,45.0,81.0,56.0,271.0,0.0,20.0,39.0,79.0,67.0,79.0,27.0,26.0,28.0,0.0,0.0,60.0,0.0,0.0,0.0,0.0
5645.32,1311.0,1885.0,2163.0,2403.0,3341.0,5758.0,13867.0,35906.0,89371.0,194394.0,206336.0,87358.0,18640.0,4135.0,839.0,145.0,35.0,109.0,54.0,34.0,69.0,196.0,74.0,20.0,88.0,101.0,62.0,101.0,189.0,130.0,57.0,30.0,0.0,85.0,19.0,25.0,0.0,0.0,0.0,0.0
5740.96,574.0,407.0,662.0,903.0,1224.0,2498.0,6056.0,18558.0,56360.0,154424.0,198397.0,99729.0,23600.0,4333.0,1241.0,190.0,158.0,20.0,40.0,192.0,0.0,50.0,92.0,64.0,26.0,68.0,26.0,87.0,0.0,60.0,156.0,210.0,20.0,33.0,38.0,50.0,28.0,80.0,82.0,0.0
5817.5,217.0,522.0,579.0,488.0,914.0,1592.0,3519.0,10737.0,39843.0,117904.0,166946.0,101757.0,28330.0,6839.0,1596.0,495.0,119.0,228.0,117.0,20.0,0.0,48.0,68.0,73.0,58.0,0.0,126.0,107.0,127.0,48.0,46.0,0.0,0.0,22.0,77.0,67.0,0.0,51.0,0.0,22.0
5928.57,194.0,301.0,493.0,337.0,468.0,771.0,2398.0,6525.0,24084.0,85390.0,134082.0,95397.0,31811.0,7676.0,2213.0,837.0,226.0,139.0,246.0,156.0,31.0,30.0,220.0,38.0,88.0,53.0,23.0,82.0,135.0,55.0,328.0,111.0,0.0,46.0,70.0,60.0,50.0,41.0,0.0,0.0
6025.07,425.0,144.0,263.0,388.0,271.0,576.0,1645.0,5009.0,14652.0,55240.0,100798.0,85338.0,36510.0,12495.0,3868.0,1340.0,894.0,358.0,281.0,36.0,187.0,72.0,54.0,98.0,55.0,0.0,68.0,268.0,74.0,196.0,0.0,23.0,38.0,61.0,135.0,144.0,131.0,47.0,125.0,52.0
6114.03,63.0,185.0,176.0,181.0,135.0,529.0,1359.0,2711.0,9381.0,35210.0,79666.0,80798.0,50341.0,23407.0,8818.0,3513.0,1494.0,780.0,406.0,373.0,278.0,186.0,114.0,120.0,123.0,25.0,56.0,154.0,27.0,85.0,43.0,73.0,26.0,136.0,189.0,87.0,133.0,113.0,94.0,66.0
6208.02,28.0,115.0,206.0,212.0,160.0,292.0,974.0,1637.0,7543.0,30015.0,78935.0,98075.0,75159.0,48173.0,24828.0,12011.0,6485.0,4863.0,2128.0,1557.0,1222.0,737.0,485.0,432.0,401.0,117.0,196.0,234.0,145.0,302.0,55.0,101.0,80.0,104.0,66.0,145.0,66.0,39.0,155.0,261.0
6290.91,91.0,115.0,182.0,160.0,225.0,238.0,470.0,2880.0,6566.0,29130.0,92903.0,132893.0,122919.0,95459.0,55195.0,31455.0,22904.0,13379.0,9078.0,6729.0,6045.0,4115.0,2632.0,1765.0,1542.0,630.0,533.0,1052.0,961.0,590.0,472.0,19.0,109.0,206.0,168.0,184.0,67.0,125.0,151.0,173.0
6372.85,0.0,75.0,0.0,103.0,84.0,213.0,884.0,2023.0,7550.0,35319.0,127858.0,178004.0,190207.0,164525.0,106940.0,67477.0,52083.0,32116.0,22082.0,16694.0,12156.0,9161.0,7176.0,5013.0,4828.0,1198.0,1426.0,2755.0,1890.0,1872.0,537.0,115.0,42.0,270.0,406.0,456.0,428.0,216.0,196.0,283.0
6454.52,39.0,53.0,100.0,112.0,116.0,322.0,798.0,2328.0,9105.0,45007.0,171997.0,283310.0,325541.0,270667.0,187029.0,108771.0,94468.0,59666.0,42703.0,33815.0,23536.0,23222.0,20143.0,14844.0,12086.0,3369.0,3009.0,8881.0,7579.0,3341.0,1284.0,193.0,347.0,224.0,318.0,180.0,410.0,131.0,358.0,113.0
6535.13,0.0,56.0,53.0,207.0,169.0,500.0,1447.0,3553.0,10617.0,54740.0,241023.0,380182.0,471760.0,392172.0,287461.0,171234.0,145453.0,104467.0,79177.0,76928.0,59579.0,62765.0,60497.0,48079.0,41636.0,9972.0,10605.0,31723.0,20913.0,13869.0,2766.0,681.0,398.0,546.0,422.0,167.0,175.0,157.0,403.0,295.0
6623.18,44.0,133.0,20.0,249.0,459.0,592.0,1127.0,4374.0,13399.0,57091.0,256909.0,408184.0,518092.0,466079.0,354506.0,230087.0,194784.0,150004.0,127069.0,138058.0,110906.0,112871.0,113039.0,101100.0,88138.0,26874.0,28043.0,68190.0,51410.0,33409.0,8254.0,1689.0,939.0,918.0,438.0,341.0,618.0,179.0,352.0,315.0
6709.1,0.0,31.0,204.0,119.0,200.0,302.0,1490.0,4650.0,11963.0,47830.0,211548.0,357057.0,493296.0,455898.0,371552.0,251765.0,221778.0,182889.0,161123.0,173616.0,148548.0,157805.0,155512.0,136693.0,123684.0,41275.0,45049.0,100929.0,83599.0,57819.0,14243.0,3563.0,1708.0,1441.0,1551.0,719.0,891.0,398.0,328.0,548.0
6788.07,68.0,0.0,35.0,178.0,248.0,598.0,1292.0,3067.0,7041.0,26651.0,138897.0,261403.0,384326.0,379489.0,327386.0,238501.0,223770.0,187323.0,173656.0,197896.0,168687.0,183068.0,175588.0,156919.0,135553.0,48536.0,52734.0,119005.0,102705.0,69053.0,17902.0,5543.0,2507.0,2664.0,2288.0,1033.0,631.0,616.0,375.0,486.0
6865.99,0.0,0.0,47.0,20.0,27.0,209.0,686.0,1930.0,3303.0,13561.0,74259.0,157273.0,256432.0,277456.0,268370.0,213369.0,221524.0,188848.0,183831.0,219611.0,189288.0,197269.0,188772.0,180689.0,150932.0,55185.0,59721.0,129929.0,112809.0,77051.0,19259.0,6877.0,4821.0,3772.0,3946.0,1337.0,901.0,661.0,548.0,402.0
6942.84,0.0,0.0,47.0,0.0,58.0,61.0,331.0,974.0,1605.0,4709.0,32758.0,79593.0,153777.0,184435.0,221957.0,219832.0,244059.0,226513.0,220960.0,270405.0,245160.0,247149.0,244222.0,226191.0,200063.0,63896.0,71633.0,175055.0,146148.0,98945.0,31781.0,9864.0,7090.0,7665.0,5353.0,2160.0,1192.0,771.0,620.0,702.0
7018.77,0.0,42.0,0.0,114.0,41.0,57.0,138.0,337.0,943.0,2199.0,13733.0,37598.0,84110.0,137499.0,232272.0,276926.0,320975.0,305860.0,303278.0,360677.0,328263.0,334897.0,315007.0,311749.0,275144.0,95230.0,106510.0,245657.0,211496.0,148713.0,42150.0,15133.0,12335.0,10939.0,9565.0,3777.0,2066.0,1246.0,700.0,637.0
7093.78,0.0,94.0,0.0,35.0,49.0,20.0,72.0,294.0,675.0,2043.0,7131.0,18533.0,51728.0,123657.0,266398.0,340142.0,391804.0,382533.0,371466.0,433008.0,403546.0,400929.0,389043.0,383740.0,345427.0,130641.0,143564.0,312975.0,285218.0,209289.0,66260.0,24171.0,21187.0,21380.0,14196.0,7181.0,4090.0,2237.0,1892.0,1197.0
7167.93,0.0,19.0,69.0,28.0,20.0,118.0,85.0,167.0,639.0,689.0,4427.0,13164.0,40810.0,126915.0,289726.0,369364.0,417211.0,403686.0,385300.0,430497.0,407807.0,420860.0,401312.0,394321.0,360582.0,157209.0,171852.0,339793.0,319724.0,243543.0,89784.0,37227.0,34070.0,31817.0,27846.0,12509.0,6536.0,4200.0,2730.0,1862.0
7241.19,0.0,24.0,65.0,0.0,0.0,53.0,55.0,256.0,403.0,1071.0,3302.0,9053.0,31817.0,119327.0,262375.0,334276.0,371067.0,366093.0,356251.0,390025.0,372704.0,376272.0,365237.0,368755.0,333008.0,162684.0,179937.0,337729.0,315992.0,253428.0,108692.0,51102.0,44984.0,48773.0,37003.0,17462.0,11688.0,5990.0,4118.0,2655.0
7313.7,0.0,0.0,22.0,0.0,30.0,111.0,62.0,174.0,340.0,788.0,2219.0,7475.0,25546.0,91503.0,212037.0,268500.0,300120.0,301702.0,290977.0,308922.0,303391.0,303453.0,302079.0,312322.0,282647.0,147089.0,159704.0,287800.0,282699.0,239961.0,111912.0,60806.0,48805.0,57013.0,49901.0,24762.0,15850.0,8805.0,5853.0,3632.0
7385.51,65.0,0.0,0.0,28.0,36.0,0.0,55.0,379.0,96.0,414.0,1212.0,4253.0,18647.0,62583.0,141313.0,176958.0,200944.0,203092.0,211768.0,216254.0,214929.0,217113.0,223048.0,223950.0,208203.0,112968.0,127690.0,236102.0,232476.0,209157.0,100567.0,54529.0,53462.0,63539.0,54415.0,29599.0,20040.0,11865.0,6796.0,5463.0
7456.55,31.0,0.0,0.0,0.0,22.0,41.0,74.0,194.0,29.0,147.0,807.0,2027.0,9245.0,34398.0,83025.0,104373.0,116809.0,128388.0,130838.0,140053.0,139510.0,147657.0,147090.0,151256.0,140004.0,81257.0,92730.0,184618.0,199878.0,180371.0,92866.0,55149.0,53239.0,64531.0,57527.0,32065.0,25039.0,13066.0,9759.0,5603.0
7526.83,0.0,0.0,40.0,25.0,0.0,0.0,0.0,170.0,146.0,101.0,340.0,1213.0,3862.0,15278.0,37640.0,52855.0,62224.0,68065.0,70494.0,78911.0,82083.0,83941.0,91141.0,100203.0,104959.0,58129.0,72182.0,162991.0,173329.0,169526.0,88234.0,54891.0,54520.0,64875.0,61698.0,36076.0,27307.0,15263.0,11254.0,7564.0
7596.48,0.0,25.0,53.0,49.0,0.0,39.0,0.0,55.0,68.0,167.0,121.0,663.0,1849.0,7294.0,15625.0,20012.0,27654.0,28397.0,33820.0,42387.0,47537.0,51844.0,60459.0,73713.0,83276.0,50693.0,69106.0,160229.0,174687.0,170420.0,93049.0,57081.0,56740.0,66354.0,69268.0,40511.0,30512.0,18625.0,13309.0,9669.0
7665.43,0.0,0.0,145.0,0.0,43.0,33.0,0.0,0.0,32.0,71.0,102.0,330.0,1413.0,2981.0,7051.0,9542.0,12128.0,15341.0,19396.0,23510.0,30054.0,38046.0,47538.0,60949.0,80956.0,54597.0,69163.0,158901.0,175271.0,175362.0,96535.0,60260.0,59175.0,71167.0,73332.0,39519.0,32112.0,18625.0,14781.0,9463.0
7733.74,0.0,0.0,0.0,112.0,0.0,31.0,0.0,0.0,0.0,225.0,137.0,229.0,805.0,1768.0,3116.0,4587.0,6911.0,9318.0,11862.0,16523.0,21979.0,30816.0,40830.0,57884.0,75279.0,52425.0,71890.0,160906.0,166159.0,177924.0,94058.0,65053.0,59608.0,67584.0,70128.0,44403.0,30847.0,19699.0,13605.0,9519.0
7801.39,0.0,0.0,0.0,99.0,0.0,0.0,58.0,0.0,71.0,111.0,88.0,258.0,521.0,659.0,2270.0,3054.0,5096.0,6005.0,8022.0,10466.0,16675.0,26089.0,35435.0,48546.0,67977.0,50782.0,67264.0,145950.0,158055.0,171450.0,94305.0,62370.0,60209.0,66466.0,64734.0,40234.0,29467.0,18324.0,12302.0,8499.0
7868.57,0.0,0.0,0.0,47.0,58.0,0.0,31.0,39.0,0.0,0.0,145.0,80.0,209.0,456.0,1182.0,2016.0,2449.0,3830.0,5015.0,7507.0,11023.0,17875.0,26914.0,43254.0,56805.0,38668.0,52557.0,122451.0,134965.0,157729.0,87461.0,60086.0,54904.0,60473.0,57449.0,36337.0,27875.0,17249.0,11240.0,7771.0
7935.02,0.0,0.0,0.0,0.0,58.0,0.0,22.0,36.0,52.0,103.0,82.0,208.0,80.0,439.0,757.0,1302.0,1874.0,2091.0,3741.0,6255.0,8177.0,12651.0,21262.0,33537.0,40786.0,28631.0,43549.0,102708.0,114997.0,136251.0,78320.0,55145.0,46249.0,50036.0,49354.0,31496.0,24243.0,15168.0,9184.0,6211.0
8000.87,24.0,0.0,26.0,27.0,0.0,54.0,42.0,23.0,36.0,34.0,81.0,78.0,62.0,212.0,371.0,719.0,1315.0,1628.0,1995.0,4517.0,4120.0,8638.0,12872.0,21808.0,30276.0,21393.0,30091.0,76289.0,90324.0,105077.0,65691.0,39610.0,36574.0,43157.0,40373.0,24788.0,19536.0,11447.0,7254.0,4577.0
8066.2,0.0,0.0,0.0,30.0,0.0,0.0,0.0,100.0,0.0,43.0,25.0,0.0,76.0,396.0,413.0,346.0,455.0,770.0,1156.0,1830.0,3140.0,4315.0,7672.0,12526.0,18239.0,11884.0,19474.0,46305.0,63792.0,75891.0,44263.0,28070.0,26642.0,29545.0,29566.0,16614.0,13901.0,8967.0,5609.0,4343.0
8130.95,0.0,0.0,0.0,0.0,0.0,0.0,0.0,39.0,0.0,63.0,178.0,136.0,106.0,146.0,195.0,432.0,432.0,397.0,896.0,1237.0,868.0,2044.0,3987.0,6539.0,9410.0,6428.0,10870.0,30179.0,36746.0,50626.0,30085.0,19165.0,16605.0,20525.0,19073.0,10627.0,9482.0,5961.0,3191.0,2753.0
8195.15,0.0,0.0,0.0,0.0,0.0,0.0,21.0,0.0,0.0,0.0,49.0,105.0,194.0,106.0,215.0,242.0,375.0,258.0,303.0,674.0,813.0,1081.0,2005.0,2658.0,4308.0,2977.0,4970.0,14801.0,20447.0,27487.0,14983.0,10802.0,10561.0,13370.0,12070.0,7510.0,5928.0,3641.0,2539.0,1700.0
8258.89,0.0,0.0,0.0,0.0,36.0,0.0,0.0,0.0,64.0,0.0,22.0,49.0,20.0,53.0,147.0,325.0,219.0,278.0,249.0,374.0,347.0,788.0,716.0,1322.0,2158.0,1465.0,2620.0,7304.0,10247.0,11375.0,8589.0,5557.0,5841.0,7501.0,7099.0,4674.0,3773.0,2424.0,1272.0,1406.0
8322.1,0.0,23.0,0.0,0.0,0.0,0.0,107.0,0.0,0.0,93.0,0.0,102.0,133.0,24.0,82.0,103.0,177.0,142.0,133.0,334.0,400.0,194.0,567.0,518.0,654.0,368.0,1067.0,2655.0,4238.0,6235.0,4104.0,3143.0,4249.0,4225.0,4881.0,2013.0,2293.0,1641.0,1263.0,982.0
8384.83,57.0,0.0,94.0,0.0,0.0,0.0,75.0,37.0,0.0,63.0,0.0,0.0,22.0,204.0,153.0,117.0,103.0,82.0,50.0,248.0,129.0,177.0,474.0,247.0,565.0,260.0,442.0,1333.0,1717.0,2519.0,2126.0,1545.0,1943.0,3345.0,3079.0,1546.0,1523.0,1060.0,885.0,596.0
8447.06,0.0,0.0,24.0,0.0,45.0,0.0,0.0,25.0,0.0,0.0,85.0,78.0,22.0,0.0,92.0,142.0,165.0,97.0,215.0,109.0,169.0,95.0,417.0,132.0,413.0,342.0,343.0,759.0,909.0,1359.0,1341.0,901.0,867.0,1812.0,1930.0,1232.0,659.0,742.0,687.0,575.0
8508.76,0.0,0.0,0.0,0.0,0.0,0.0,0.0,0.0,0.0,84.0,21.0,104.0,0.0,69.0,123.0,39.0,188.0,64.0,0.0,176.0,77.0,68.0,300.0,371.0,411.0,97.0,203.0,473.0,683.0,1038.0,861.0,902.0,640.0,719.0,906.0,958.0,600.0,651.0,433.0,411.0
8570.07,0.0,28.0,0.0,0.0,0.0,0.0,0.0,0.0,36.0,0.0,94.0,0.0,0.0,86.0,50.0,107.0,169.0,138.0,224.0,77.0,156.0,195.0,117.0,278.0,99.0,63.0,222.0,534.0,388.0,439.0,212.0,349.0,477.0,494.0,754.0,604.0,478.0,354.0,189.0,336.0
8630.89,0.0,0.0,0.0,0.0,0.0,0.0,0.0,0.0,30.0,0.0,22.0,47.0,207.0,74.0,47.0,199.0,69.0,162.0,121.0,185.0,110.0,138.0,294.0,86.0,252.0,134.0,149.0,407.0,152.0,204.0,236.0,238.0,221.0,269.0,294.0,138.0,92.0,29.0,20.0,43.0
8691.34,0.0,28.0,0.0,0.0,89.0,0.0,0.0,0.0,0.0,0.0,0.0,22.0,66.0,0.0,50.0,108.0,56.0,0.0,100.0,184.0,150.0,146.0,243.0,266.0,24.0,0.0,115.0,76.0,252.0,145.0,265.0,102.0,192.0,30.0,226.0,115.0,42.0,92.0,68.0,110.0
8751.28,0.0,0.0,0.0,0.0,0.0,49.0,57.0,38.0,0.0,0.0,0.0,68.0,54.0,162.0,106.0,69.0,0.0,98.0,189.0,64.0,206.0,42.0,77.0,148.0,0.0,79.0,80.0,242.0,213.0,255.0,82.0,70.0,109.0,47.0,22.0,59.0,42.0,0.0,24.0,19.0
8810.77,0.0,0.0,26.0,0.0,0.0,0.0,29.0,20.0,0.0,85.0,0.0,79.0,90.0,178.0,164.0,0.0,65.0,186.0,25.0,175.0,79.0,35.0,270.0,298.0,107.0,136.0,35.0,134.0,253.0,145.0,94.0,41.0,125.0,37.0,0.0,39.0,24.0,43.0,0.0,56.0
8869.93,0.0,0.0,0.0,0.0,0.0,0.0,29.0,0.0,0.0,21.0,100.0,73.0,73.0,87.0,29.0,78.0,95.0,112.0,189.0,132.0,151.0,60.0,114.0,83.0,175.0,31.0,0.0,117.0,206.0,57.0,0.0,20.0,37.0,41.0,26.0,22.0,20.0,42.0,46.0,34.0
8928.66,0.0,32.0,0.0,0.0,0.0,33.0,0.0,90.0,0.0,58.0,30.0,109.0,0.0,43.0,88.0,124.0,63.0,111.0,58.0,53.0,157.0,23.0,92.0,122.0,180.0,78.0,55.0,90.0,88.0,140.0,52.0,48.0,38.0,113.0,77.0,38.0,39.0,44.0,78.0,51.0
8986.97,0.0,0.0,0.0,0.0,0.0,0.0,0.0,0.0,20.0,116.0,47.0,27.0,121.0,20.0,314.0,0.0,59.0,171.0,126.0,221.0,150.0,116.0,269.0,220.0,58.0,0.0,44.0,119.0,20.0,318.0,50.0,0.0,0.0,50.0,71.0,41.0,87.0,161.0,159.0,422.0
9044.94,0.0,0.0,0.0,40.0,0.0,0.0,0.0,61.0,0.0,21.0,81.0,0.0,26.0,110.0,93.0,109.0,147.0,91.0,21.0,72.0,83.0,156.0,224.0,76.0,134.0,83.0,48.0,91.0,143.0,24.0,29.0,85.0,55.0,92.0,160.0,124.0,117.0,108.0,171.0,278.0
9102.53,0.0,0.0,0.0,0.0,0.0,0.0,0.0,0.0,103.0,0.0,47.0,22.0,97.0,0.0,118.0,95.0,28.0,157.0,183.0,127.0,88.0,127.0,173.0,129.0,143.0,107.0,20.0,186.0,127.0,261.0,60.0,23.0,0.0,107.0,95.0,203.0,97.0,188.0,323.0,555.0
9159.66,0.0,0.0,74.0,0.0,0.0,44.0,20.0,0.0,0.0,0.0,33.0,112.0,40.0,88.0,250.0,191.0,73.0,45.0,74.0,263.0,92.0,149.0,105.0,112.0,167.0,135.0,47.0,244.0,235.0,199.0,67.0,102.0,78.0,295.0,265.0,303.0,194.0,328.0,546.0,596.0
9216.53,0.0,0.0,0.0,0.0,0.0,0.0,0.0,31.0,0.0,29.0,55.0,34.0,77.0,94.0,59.0,98.0,91.0,76.0,111.0,249.0,50.0,127.0,57.0,67.0,90.0,49.0,78.0,187.0,153.0,246.0,128.0,64.0,126.0,171.0,170.0,203.0,189.0,300.0,435.0,543.0
9272.98,25.0,0.0,0.0,0.0,0.0,0.0,34.0,0.0,0.0,0.0,22.0,0.0,25.0,73.0,45.0,77.0,230.0,132.0,82.0,60.0,265.0,101.0,135.0,20.0,228.0,42.0,70.0,160.0,283.0,66.0,236.0,132.0,40.0,254.0,399.0,211.0,226.0,179.0,292.0,479.0
9329.03,0.0,0.0,0.0,0.0,66.0,60.0,25.0,0.0,52.0,0.0,194.0,0.0,22.0,63.0,54.0,211.0,359.0,0.0,34.0,235.0,143.0,126.0,261.0,150.0,171.0,59.0,36.0,374.0,202.0,226.0,142.0,47.0,75.0,143.0,181.0,101.0,215.0,189.0,355.0,472.0
9384.8,0.0,0.0,0.0,0.0,0.0,0.0,0.0,0.0,0.0,0.0,66.0,0.0,30.0,130.0,90.0,148.0,29.0,55.0,64.0,88.0,61.0,39.0,57.0,146.0,159.0,47.0,95.0,136.0,174.0,164.0,88.0,20.0,79.0,206.0,113.0,100.0,203.0,181.0,102.0,173.0
9440.25,0.0,32.0,0.0,0.0,0.0,0.0,0.0,86.0,0.0,0.0,144.0,37.0,76.0,108.0,81.0,177.0,49.0,237.0,137.0,68.0,190.0,200.0,93.0,83.0,76.0,30.0,82.0,268.0,186.0,156.0,28.0,0.0,72.0,47.0,68.0,70.0,140.0,129.0,116.0,156.0
9495.31,0.0,0.0,0.0,0.0,0.0,0.0,29.0,24.0,0.0,0.0,56.0,33.0,121.0,100.0,44.0,55.0,84.0,45.0,24.0,322.0,201.0,169.0,164.0,59.0,20.0,94.0,225.0,208.0,91.0,236.0,71.0,0.0,48.0,83.0,119.0,105.0,24.0,78.0,156.0,183.0
9550.06,0.0,0.0,0.0,0.0,0.0,50.0,0.0,62.0,42.0,29.0,20.0,110.0,30.0,109.0,127.0,139.0,89.0,168.0,157.0,124.0,136.0,167.0,256.0,0.0,194.0,19.0,145.0,64.0,114.0,138.0,51.0,27.0,0.0,117.0,74.0,28.0,93.0,0.0,20.0,109.0
9604.52,0.0,0.0,0.0,0.0,0.0,39.0,25.0,0.0,54.0,0.0,53.0,28.0,0.0,45.0,209.0,89.0,116.0,169.0,62.0,135.0,118.0,136.0,230.0,149.0,64.0,50.0,0.0,88.0,234.0,59.0,24.0,83.0,20.0,28.0,0.0,21.0,86.0,20.0,120.0,25.0
9658.69,0.0,0.0,0.0,0.0,0.0,0.0,0.0,0.0,19.0,0.0,0.0,44.0,27.0,106.0,61.0,92.0,51.0,135.0,25.0,156.0,88.0,311.0,112.0,24.0,117.0,30.0,57.0,130.0,115.0,183.0,0.0,20.0,20.0,144.0,45.0,76.0,52.0,0.0,28.0,80.0
9712.55,0.0,0.0,0.0,0.0,0.0,44.0,0.0,0.0,0.0,44.0,65.0,90.0,48.0,0.0,194.0,111.0,95.0,109.0,117.0,47.0,59.0,178.0,231.0,207.0,148.0,132.0,0.0,198.0,177.0,181.0,22.0,98.0,0.0,24.0,0.0,20.0,41.0,24.0,66.0,21.0
9766.09,0.0,0.0,0.0,0.0,36.0,0.0,0.0,0.0,45.0,40.0,68.0,0.0,70.0,78.0,151.0,71.0,98.0,266.0,152.0,44.0,164.0,179.0,111.0,153.0,475.0,34.0,131.0,100.0,43.0,74.0,40.0,0.0,42.0,0.0,28.0,0.0,0.0,0.0,0.0,0.0
9819.35,0.0,0.0,0.0,0.0,0.0,0.0,41.0,48.0,27.0,63.0,44.0,100.0,20.0,51.0,253.0,113.0,108.0,97.0,166.0,265.0,0.0,200.0,132.0,145.0,147.0,0.0,70.0,159.0,116.0,228.0,61.0,0.0,0.0,28.0,0.0,0.0,57.0,0.0,20.0,0.0
9872.27,0.0,0.0,0.0,0.0,0.0,0.0,48.0,0.0,0.0,29.0,51.0,62.0,99.0,36.0,227.0,103.0,124.0,43.0,164.0,123.0,39.0,20.0,121.0,191.0,88.0,22.0,21.0,115.0,47.0,193.0,70.0,0.0,0.0,87.0,0.0,0.0,23.0,0.0,0.0,24.0
9924.87,0.0,0.0,0.0,0.0,0.0,0.0,0.0,0.0,0.0,60.0,41.0,29.0,136.0,70.0,108.0,33.0,66.0,264.0,0.0,142.0,153.0,123.0,114.0,233.0,144.0,0.0,48.0,112.0,20.0,69.0,0.0,0.0,0.0,0.0,0.0,0.0,30.0,0.0,20.0,20.0
9977.25,0.0,0.0,0.0,0.0,0.0,0.0,36.0,0.0,0.0,0.0,45.0,31.0,30.0,64.0,54.0,0.0,0.0,64.0,65.0,131.0,140.0,167.0,161.0,124.0,118.0,22.0,19.0,97.0,307.0,176.0,67.0,0.0,0.0,36.0,0.0,20.0,19.0,34.0,20.0,0.0
10029.3,52.0,0.0,0.0,0.0,29.0,0.0,0.0,0.0,0.0,0.0,108.0,136.0,103.0,26.0,85.0,117.0,84.0,185.0,151.0,88.0,205.0,150.0,94.0,65.0,104.0,0.0,75.0,165.0,307.0,93.0,47.0,59.0,27.0,0.0,30.0,77.0,22.0,28.0,0.0,0.0
10081.1,0.0,0.0,0.0,0.0,0.0,43.0,0.0,54.0,97.0,0.0,98.0,55.0,244.0,29.0,51.0,138.0,95.0,128.0,80.0,260.0,199.0,151.0,20.0,30.0,97.0,0.0,66.0,129.0,112.0,144.0,0.0,0.0,0.0,80.0,0.0,0.0,52.0,0.0,0.0,0.0
10132.6,0.0,0.0,0.0,0.0,0.0,0.0,64.0,22.0,0.0,23.0,63.0,0.0,53.0,51.0,158.0,147.0,130.0,21.0,65.0,106.0,120.0,89.0,82.0,104.0,158.0,0.0,212.0,40.0,197.0,0.0,27.0,0.0,22.0,20.0,37.0,0.0,0.0,0.0,73.0,0.0
10183.9,0.0,0.0,0.0,33.0,0.0,0.0,0.0,0.0,35.0,87.0,27.0,85.0,81.0,186.0,39.0,55.0,101.0,58.0,66.0,73.0,67.0,49.0,0.0,280.0,66.0,0.0,0.0,173.0,155.0,92.0,68.0,121.0,0.0,64.0,53.0,0.0,53.0,0.0,0.0,21.0
10234.9,0.0,0.0,0.0,0.0,0.0,25.0,0.0,20.0,0.0,0.0,0.0,48.0,123.0,55.0,56.0,162.0,36.0,153.0,44.0,44.0,121.0,260.0,47.0,137.0,110.0,58.0,97.0,118.0,144.0,133.0,41.0,0.0,21.0,67.0,20.0,33.0,0.0,44.0,31.0,39.0
10285.8,73.0,0.0,0.0,0.0,0.0,0.0,0.0,0.0,0.0,0.0,0.0,61.0,36.0,141.0,0.0,146.0,22.0,74.0,72.0,176.0,164.0,215.0,174.0,111.0,0.0,37.0,65.0,183.0,223.0,77.0,38.0,0.0,29.0,20.0,65.0,0.0,23.0,0.0,26.0,99.0
10336.3,0.0,0.0,0.0,0.0,0.0,0.0,0.0,22.0,0.0,0.0,0.0,46.0,51.0,79.0,144.0,142.0,81.0,137.0,171.0,43.0,157.0,90.0,263.0,131.0,117.0,54.0,40.0,226.0,256.0,310.0,20.0,58.0,50.0,66.0,19.0,0.0,22.0,26.0,0.0,0.0
10386.5,0.0,0.0,0.0,0.0,0.0,65.0,0.0,0.0,0.0,0.0,59.0,167.0,81.0,145.0,140.0,179.0,32.0,100.0,128.0,58.0,85.0,237.0,160.0,184.0,90.0,65.0,77.0,55.0,147.0,155.0,110.0,31.0,19.0,46.0,0.0,20.0,0.0,24.0,0.0,24.0
10436.5,0.0,0.0,0.0,0.0,0.0,29.0,0.0,0.0,0.0,0.0,22.0,41.0,188.0,114.0,111.0,24.0,111.0,319.0,95.0,83.0,151.0,34.0,25.0,153.0,73.0,77.0,0.0,194.0,54.0,99.0,31.0,0.0,0.0,19.0,76.0,0.0,43.0,0.0,62.0,43.0
10486.3,0.0,0.0,57.0,0.0,0.0,0.0,0.0,40.0,20.0,34.0,57.0,0.0,115.0,90.0,95.0,22.0,26.0,85.0,75.0,65.0,104.0,104.0,208.0,110.0,87.0,107.0,58.0,61.0,0.0,163.0,55.0,29.0,32.0,31.0,45.0,61.0,45.0,22.0,42.0,125.0
10535.8,0.0,0.0,0.0,0.0,0.0,0.0,35.0,52.0,20.0,65.0,20.0,0.0,0.0,111.0,50.0,84.0,79.0,128.0,78.0,64.0,51.0,48.0,24.0,149.0,0.0,48.0,113.0,86.0,152.0,132.0,45.0,59.0,36.0,0.0,0.0,20.0,0.0,32.0,40.0,93.0
10585,0.0,0.0,0.0,0.0,78.0,46.0,0.0,0.0,32.0,43.0,0.0,122.0,34.0,108.0,0.0,39.0,103.0,132.0,31.0,119.0,86.0,142.0,72.0,148.0,91.0,0.0,160.0,380.0,243.0,134.0,94.0,23.0,72.0,20.0,82.0,0.0,40.0,22.0,108.0,152.0
10634.1,0.0,0.0,0.0,0.0,0.0,20.0,28.0,0.0,23.0,0.0,0.0,0.0,43.0,201.0,60.0,135.0,25.0,156.0,72.0,142.0,145.0,251.0,88.0,180.0,62.0,20.0,0.0,84.0,28.0,111.0,35.0,0.0,121.0,116.0,0.0,22.0,87.0,0.0,89.0,153.0
10682.9,0.0,0.0,0.0,0.0,0.0,0.0,0.0,0.0,0.0,0.0,28.0,26.0,171.0,74.0,120.0,197.0,46.0,158.0,50.0,80.0,119.0,49.0,114.0,216.0,159.0,55.0,149.0,201.0,0.0,183.0,42.0,0.0,68.0,64.0,39.0,50.0,90.0,105.0,62.0,121.0
10731.5,0.0,0.0,0.0,0.0,27.0,0.0,56.0,43.0,40.0,0.0,25.0,22.0,132.0,118.0,122.0,165.0,88.0,100.0,0.0,60.0,50.0,43.0,152.0,0.0,235.0,90.0,0.0,229.0,96.0,26.0,24.0,0.0,0.0,0.0,152.0,119.0,86.0,105.0,75.0,146.0
10779.9,0.0,0.0,0.0,0.0,0.0,0.0,0.0,21.0,0.0,72.0,22.0,111.0,0.0,112.0,94.0,26.0,96.0,52.0,97.0,93.0,27.0,186.0,147.0,91.0,154.0,0.0,110.0,133.0,130.0,161.0,42.0,0.0,85.0,73.0,54.0,60.0,40.0,70.0,66.0,67.0
10828,0.0,24.0,0.0,0.0,0.0,0.0,0.0,0.0,0.0,33.0,79.0,0.0,0.0,277.0,106.0,59.0,27.0,199.0,68.0,53.0,25.0,86.0,23.0,263.0,193.0,120.0,22.0,52.0,126.0,162.0,24.0,0.0,22.0,41.0,27.0,91.0,75.0,85.0,138.0,233.0
10876.1,0.0,0.0,0.0,0.0,0.0,0.0,0.0,0.0,0.0,0.0,91.0,33.0,65.0,0.0,49.0,143.0,47.0,20.0,128.0,98.0,215.0,30.0,82.0,124.0,30.0,46.0,43.0,267.0,88.0,220.0,0.0,41.0,19.0,44.0,42.0,66.0,42.0,100.0,19.0,154.0
10923.7,0.0,0.0,0.0,0.0,0.0,0.0,0.0,0.0,0.0,0.0,84.0,52.0,0.0,0.0,51.0,87.0,65.0,198.0,184.0,71.0,75.0,60.0,164.0,124.0,224.0,0.0,44.0,42.0,121.0,76.0,0.0,21.0,91.0,0.0,73.0,30.0,26.0,82.0,91.0,108.0
10971.3,0.0,0.0,0.0,0.0,0.0,0.0,0.0,0.0,0.0,0.0,33.0,60.0,97.0,82.0,109.0,30.0,112.0,138.0,122.0,182.0,71.0,83.0,157.0,175.0,183.0,0.0,58.0,91.0,167.0,111.0,88.0,41.0,20.0,20.0,40.0,45.0,69.0,27.0,19.0,166.0
11018.6,0.0,0.0,31.0,0.0,0.0,0.0,0.0,30.0,182.0,53.0,22.0,60.0,21.0,182.0,31.0,267.0,82.0,262.0,22.0,98.0,265.0,80.0,124.0,64.0,288.0,0.0,20.0,62.0,80.0,259.0,0.0,0.0,0.0,24.0,48.0,0.0,46.0,42.0,20.0,83.0
11065.7,0.0,0.0,0.0,0.0,0.0,20.0,0.0,50.0,0.0,0.0,0.0,77.0,82.0,137.0,42.0,153.0,198.0,140.0,102.0,122.0,60.0,96.0,81.0,178.0,107.0,80.0,98.0,81.0,206.0,38.0,31.0,0.0,167.0,44.0,90.0,20.0,20.0,41.0,48.0,61.0
11112.6,0.0,0.0,0.0,0.0,0.0,0.0,0.0,106.0,0.0,0.0,135.0,59.0,91.0,0.0,24.0,83.0,67.0,56.0,26.0,214.0,200.0,119.0,352.0,192.0,44.0,96.0,60.0,346.0,110.0,163.0,44.0,25.0,19.0,30.0,97.0,40.0,0.0,19.0,82.0,44.0
11159.3,0.0,0.0,0.0,0.0,0.0,0.0,66.0,0.0,0.0,66.0,0.0,84.0,32.0,0.0,26.0,88.0,99.0,0.0,158.0,129.0,131.0,30.0,46.0,123.0,62.0,120.0,57.0,70.0,101.0,189.0,64.0,0.0,0.0,71.0,42.0,128.0,39.0,20.0,64.0,66.0
11205.9,0.0,0.0,0.0,0.0,0.0,62.0,0.0,0.0,25.0,0.0,32.0,100.0,20.0,39.0,113.0,66.0,135.0,108.0,65.0,148.0,108.0,186.0,112.0,41.0,26.0,0.0,0.0,76.0,145.0,155.0,0.0,114.0,0.0,22.0,0.0,50.0,20.0,0.0,32.0,67.0
11252.2,0.0,0.0,0.0,0.0,0.0,0.0,0.0,0.0,0.0,182.0,51.0,29.0,68.0,41.0,150.0,73.0,81.0,52.0,51.0,0.0,0.0,61.0,68.0,120.0,121.0,0.0,49.0,129.0,138.0,218.0,70.0,40.0,0.0,0.0,0.0,0.0,0.0,0.0,0.0,0.0
11298.3,0.0,0.0,0.0,0.0,0.0,0.0,23.0,0.0,20.0,0.0,0.0,0.0,142.0,168.0,128.0,50.0,99.0,87.0,0.0,29.0,133.0,151.0,26.0,129.0,99.0,26.0,45.0,230.0,155.0,176.0,29.0,0.0,48.0,0.0,0.0,22.0,0.0,30.0,28.0,0.0
11344.3,0.0,0.0,0.0,0.0,0.0,0.0,0.0,0.0,0.0,20.0,49.0,32.0,84.0,42.0,197.0,92.0,89.0,51.0,45.0,31.0,162.0,0.0,85.0,313.0,22.0,27.0,77.0,95.0,278.0,175.0,0.0,0.0,0.0,0.0,28.0,0.0,0.0,0.0,23.0,80.0
11389.9,0.0,0.0,0.0,0.0,0.0,0.0,0.0,0.0,37.0,0.0,22.0,0.0,214.0,0.0,39.0,74.0,179.0,20.0,54.0,25.0,178.0,32.0,151.0,123.0,55.0,52.0,80.0,26.0,219.0,67.0,107.0,25.0,0.0,0.0,20.0,0.0,0.0,20.0,20.0,0.0
11435.5,0.0,0.0,0.0,0.0,0.0,0.0,0.0,21.0,0.0,0.0,20.0,85.0,91.0,28.0,86.0,163.0,72.0,145.0,73.0,153.0,22.0,21.0,150.0,234.0,174.0,0.0,139.0,84.0,326.0,147.0,0.0,0.0,24.0,22.0,0.0,0.0,0.0,0.0,62.0,0.0
11480.8,0.0,0.0,0.0,57.0,0.0,120.0,0.0,19.0,39.0,0.0,50.0,44.0,115.0,119.0,153.0,34.0,69.0,67.0,0.0,190.0,172.0,227.0,69.0,146.0,181.0,0.0,66.0,70.0,130.0,109.0,93.0,0.0,0.0,129.0,44.0,53.0,0.0,0.0,0.0,25.0
11526,0.0,0.0,0.0,0.0,52.0,33.0,0.0,0.0,45.0,45.0,39.0,154.0,219.0,61.0,53.0,113.0,86.0,263.0,89.0,198.0,20.0,117.0,107.0,60.0,28.0,57.0,39.0,108.0,101.0,120.0,41.0,80.0,33.0,63.0,58.0,0.0,0.0,0.0,0.0,20.0
11571,0.0,0.0,0.0,0.0,0.0,0.0,0.0,0.0,0.0,22.0,51.0,80.0,65.0,23.0,179.0,124.0,224.0,25.0,50.0,164.0,85.0,40.0,243.0,242.0,64.0,0.0,65.0,203.0,25.0,57.0,25.0,31.0,0.0,20.0,0.0,0.0,0.0,21.0,0.0,27.0
11615.9,19.0,0.0,0.0,0.0,0.0,0.0,47.0,51.0,0.0,130.0,58.0,30.0,91.0,0.0,26.0,100.0,98.0,0.0,141.0,156.0,110.0,146.0,96.0,82.0,28.0,20.0,0.0,54.0,203.0,218.0,52.0,0.0,0.0,35.0,22.0,0.0,0.0,0.0,44.0,19.0
11660.6,0.0,0.0,0.0,20.0,24.0,0.0,0.0,0.0,0.0,103.0,58.0,0.0,55.0,155.0,0.0,124.0,28.0,66.0,137.0,37.0,55.0,151.0,47.0,117.0,66.0,59.0,83.0,168.0,142.0,67.0,0.0,36.0,24.0,27.0,113.0,52.0,20.0,0.0,0.0,30.0
11705,0.0,0.0,0.0,0.0,0.0,142.0,20.0,0.0,0.0,0.0,163.0,20.0,92.0,119.0,22.0,172.0,23.0,74.0,86.0,76.0,186.0,166.0,109.0,223.0,38.0,64.0,89.0,82.0,0.0,74.0,70.0,0.0,0.0,0.0,34.0,0.0,0.0,0.0,0.0,0.0
11749.3,0.0,0.0,0.0,0.0,0.0,44.0,0.0,0.0,0.0,0.0,21.0,73.0,105.0,0.0,39.0,144.0,89.0,84.0,164.0,56.0,48.0,74.0,97.0,243.0,0.0,36.0,124.0,74.0,149.0,0.0,0.0,0.0,37.0,0.0,26.0,35.0,0.0,0.0,21.0,0.0
11793.6,0.0,0.0,0.0,26.0,24.0,42.0,0.0,0.0,29.0,22.0,134.0,107.0,63.0,76.0,91.0,84.0,183.0,0.0,88.0,172.0,106.0,137.0,165.0,214.0,209.0,0.0,22.0,22.0,285.0,97.0,0.0,28.0,0.0,160.0,0.0,0.0,0.0,0.0,0.0,0.0
11837.6,0.0,85.0,0.0,0.0,34.0,0.0,0.0,0.0,0.0,27.0,53.0,54.0,171.0,66.0,176.0,0.0,77.0,131.0,46.0,152.0,88.0,118.0,46.0,151.0,46.0,38.0,32.0,155.0,241.0,53.0,30.0,0.0,0.0,0.0,68.0,0.0,0.0,0.0,0.0,0.0
11881.4,0.0,0.0,0.0,0.0,0.0,0.0,0.0,0.0,0.0,45.0,72.0,148.0,118.0,87.0,48.0,209.0,0.0,80.0,156.0,99.0,87.0,307.0,61.0,89.0,69.0,0.0,0.0,147.0,156.0,137.0,34.0,0.0,0.0,53.0,51.0,0.0,0.0,0.0,0.0,0.0
11925,0.0,0.0,0.0,0.0,0.0,0.0,0.0,0.0,0.0,34.0,0.0,58.0,48.0,33.0,195.0,40.0,56.0,96.0,62.0,151.0,182.0,104.0,78.0,31.0,56.0,20.0,48.0,111.0,120.0,51.0,61.0,0.0,0.0,28.0,0.0,0.0,0.0,0.0,0.0,0.0
11968.5,0.0,0.0,0.0,0.0,0.0,0.0,0.0,0.0,0.0,0.0,0.0,0.0,70.0,27.0,189.0,171.0,25.0,22.0,107.0,277.0,95.0,40.0,265.0,205.0,243.0,24.0,0.0,214.0,61.0,235.0,81.0,49.0,0.0,26.0,0.0,89.0,0.0,0.0,0.0,0.0
12011.9,0.0,0.0,0.0,35.0,0.0,49.0,0.0,0.0,0.0,94.0,62.0,24.0,28.0,119.0,70.0,0.0,124.0,79.0,115.0,0.0,27.0,133.0,168.0,52.0,190.0,46.0,41.0,124.0,58.0,0.0,36.0,26.0,0.0,33.0,0.0,0.0,0.0,0.0,0.0,0.0
12055.1,0.0,0.0,0.0,0.0,126.0,0.0,60.0,0.0,0.0,69.0,33.0,0.0,111.0,63.0,90.0,131.0,144.0,72.0,67.0,0.0,200.0,142.0,133.0,85.0,22.0,30.0,49.0,31.0,209.0,72.0,0.0,0.0,0.0,0.0,0.0,0.0,0.0,0.0,0.0,0.0
12098.1,0.0,0.0,0.0,0.0,0.0,0.0,0.0,0.0,0.0,36.0,0.0,35.0,0.0,0.0,0.0,92.0,64.0,254.0,92.0,107.0,162.0,21.0,55.0,32.0,195.0,0.0,24.0,21.0,0.0,117.0,26.0,24.0,0.0,0.0,27.0,0.0,38.0,0.0,0.0,0.0
12141,0.0,0.0,0.0,0.0,0.0,0.0,0.0,48.0,0.0,29.0,0.0,56.0,35.0,34.0,53.0,92.0,29.0,0.0,0.0,139.0,111.0,97.0,209.0,0.0,0.0,33.0,84.0,75.0,331.0,51.0,29.0,0.0,0.0,30.0,57.0,0.0,0.0,0.0,0.0,0.0
12183.8,0.0,0.0,52.0,0.0,0.0,0.0,0.0,0.0,33.0,52.0,20.0,37.0,85.0,46.0,165.0,210.0,25.0,123.0,82.0,36.0,55.0,57.0,81.0,127.0,125.0,64.0,112.0,192.0,108.0,57.0,38.0,0.0,0.0,41.0,0.0,0.0,0.0,0.0,0.0,26.0
12226.4,0.0,0.0,0.0,0.0,0.0,0.0,54.0,0.0,52.0,0.0,152.0,25.0,28.0,0.0,0.0,66.0,238.0,41.0,85.0,39.0,24.0,0.0,0.0,140.0,71.0,23.0,0.0,117.0,54.0,50.0,76.0,0.0,0.0,0.0,0.0,0.0,0.0,0.0,0.0,21.0
12268.8,35.0,0.0,46.0,0.0,0.0,0.0,0.0,0.0,0.0,0.0,21.0,74.0,21.0,104.0,0.0,197.0,70.0,0.0,34.0,107.0,215.0,205.0,23.0,38.0,20.0,36.0,20.0,134.0,95.0,75.0,36.0,0.0,0.0,0.0,33.0,0.0,0.0,44.0,0.0,0.0
12311.1,0.0,0.0,0.0,0.0,0.0,0.0,63.0,54.0,0.0,50.0,66.0,46.0,0.0,0.0,113.0,173.0,67.0,24.0,37.0,104.0,184.0,28.0,62.0,105.0,84.0,0.0,86.0,177.0,27.0,216.0,0.0,29.0,30.0,0.0,23.0,0.0,0.0,0.0,0.0,0.0
12353.2,0.0,0.0,0.0,41.0,0.0,33.0,0.0,0.0,0.0,30.0,93.0,72.0,66.0,0.0,145.0,250.0,58.0,50.0,94.0,26.0,52.0,180.0,56.0,122.0,96.0,71.0,0.0,49.0,80.0,37.0,0.0,73.0,0.0,24.0,22.0,0.0,0.0,30.0,0.0,0.0
12395.2,0.0,0.0,0.0,0.0,0.0,0.0,0.0,0.0,22.0,52.0,0.0,39.0,63.0,30.0,80.0,46.0,91.0,128.0,62.0,133.0,46.0,83.0,49.0,84.0,0.0,0.0,48.0,93.0,136.0,27.0,0.0,0.0,0.0,0.0,0.0,0.0,0.0,0.0,0.0,0.0
12437.1,0.0,0.0,0.0,0.0,0.0,0.0,0.0,20.0,45.0,0.0,0.0,0.0,0.0,27.0,39.0,0.0,0.0,131.0,24.0,112.0,28.0,0.0,0.0,21.0,78.0,0.0,0.0,194.0,170.0,21.0,88.0,55.0,49.0,34.0,0.0,0.0,0.0,0.0,0.0,0.0
12478.8,0.0,41.0,0.0,0.0,0.0,0.0,0.0,0.0,44.0,0.0,43.0,64.0,55.0,93.0,42.0,53.0,273.0,0.0,145.0,71.0,90.0,175.0,63.0,23.0,0.0,19.0,110.0,145.0,170.0,110.0,25.0,0.0,37.0,0.0,0.0,0.0,0.0,0.0,0.0,0.0
12520.3,0.0,0.0,46.0,0.0,0.0,27.0,0.0,0.0,0.0,0.0,0.0,0.0,78.0,0.0,39.0,161.0,163.0,78.0,51.0,23.0,106.0,74.0,142.0,80.0,106.0,0.0,30.0,189.0,30.0,65.0,23.0,0.0,20.0,48.0,40.0,0.0,0.0,0.0,0.0,0.0
12561.7,0.0,0.0,0.0,0.0,0.0,0.0,0.0,0.0,26.0,64.0,29.0,40.0,21.0,128.0,137.0,185.0,116.0,58.0,95.0,107.0,178.0,50.0,258.0,132.0,62.0,0.0,54.0,29.0,65.0,37.0,139.0,0.0,0.0,0.0,0.0,0.0,48.0,0.0,0.0,0.0
12603,0.0,0.0,0.0,51.0,0.0,72.0,0.0,0.0,0.0,0.0,36.0,81.0,100.0,28.0,99.0,19.0,133.0,41.0,60.0,82.0,168.0,209.0,221.0,163.0,64.0,0.0,72.0,71.0,93.0,114.0,0.0,44.0,22.0,90.0,0.0,0.0,0.0,0.0,0.0,0.0
12644.2,0.0,0.0,0.0,0.0,29.0,0.0,0.0,0.0,22.0,20.0,58.0,35.0,59.0,135.0,44.0,160.0,141.0,43.0,66.0,58.0,130.0,186.0,117.0,82.0,0.0,0.0,0.0,68.0,0.0,141.0,0.0,0.0,21.0,0.0,0.0,60.0,0.0,0.0,0.0,0.0
12685.2,0.0,25.0,0.0,35.0,0.0,0.0,0.0,0.0,0.0,0.0,48.0,94.0,62.0,21.0,90.0,45.0,148.0,53.0,29.0,41.0,65.0,114.0,93.0,112.0,72.0,52.0,0.0,150.0,72.0,70.0,39.0,52.0,26.0,47.0,0.0,0.0,0.0,0.0,0.0,0.0
12726.1,0.0,29.0,0.0,0.0,0.0,0.0,40.0,29.0,0.0,0.0,77.0,98.0,107.0,61.0,51.0,58.0,131.0,230.0,66.0,205.0,104.0,0.0,161.0,42.0,106.0,22.0,0.0,92.0,162.0,94.0,0.0,20.0,41.0,0.0,97.0,0.0,0.0,48.0,0.0,31.0
12767,0.0,0.0,0.0,0.0,0.0,0.0,0.0,0.0,0.0,49.0,30.0,0.0,162.0,56.0,146.0,0.0,143.0,35.0,121.0,76.0,51.0,76.0,46.0,260.0,65.0,23.0,89.0,140.0,77.0,293.0,0.0,0.0,0.0,0.0,31.0,0.0,37.0,0.0,0.0,0.0
12807.5,0.0,0.0,0.0,0.0,40.0,0.0,0.0,63.0,31.0,0.0,20.0,224.0,129.0,81.0,68.0,0.0,129.0,57.0,80.0,38.0,300.0,59.0,190.0,0.0,88.0,99.0,0.0,168.0,149.0,98.0,111.0,0.0,20.0,0.0,0.0,0.0,0.0,0.0,0.0,0.0
12848.1,0.0,0.0,0.0,0.0,0.0,86.0,0.0,0.0,0.0,28.0,0.0,0.0,0.0,104.0,95.0,99.0,112.0,170.0,30.0,27.0,20.0,154.0,26.0,119.0,154.0,138.0,56.0,215.0,0.0,35.0,65.0,0.0,0.0,0.0,0.0,0.0,0.0,0.0,0.0,0.0
12888.4,0.0,0.0,0.0,0.0,0.0,0.0,0.0,0.0,33.0,35.0,30.0,52.0,56.0,33.0,0.0,80.0,127.0,36.0,81.0,183.0,126.0,119.0,113.0,116.0,66.0,23.0,43.0,154.0,201.0,71.0,33.0,0.0,0.0,70.0,0.0,0.0,26.0,28.0,0.0,0.0
12928.8,31.0,0.0,0.0,0.0,0.0,0.0,0.0,0.0,20.0,0.0,91.0,84.0,197.0,93.0,62.0,209.0,76.0,223.0,35.0,82.0,38.0,131.0,56.0,0.0,0.0,0.0,0.0,54.0,264.0,198.0,26.0,0.0,0.0,0.0,57.0,0.0,0.0,0.0,0.0,0.0
12968.9,0.0,0.0,43.0,0.0,0.0,74.0,0.0,0.0,97.0,68.0,0.0,0.0,43.0,26.0,48.0,26.0,62.0,171.0,67.0,65.0,82.0,94.0,130.0,40.0,21.0,102.0,101.0,111.0,298.0,160.0,42.0,31.0,0.0,0.0,0.0,20.0,96.0,0.0,0.0,0.0
13008.9,0.0,0.0,0.0,0.0,0.0,0.0,0.0,0.0,22.0,52.0,36.0,35.0,71.0,0.0,0.0,91.0,151.0,24.0,92.0,146.0,77.0,263.0,51.0,109.0,0.0,76.0,43.0,127.0,75.0,88.0,28.0,0.0,0.0,27.0,46.0,0.0,0.0,0.0,0.0,0.0
13048.7,0.0,0.0,0.0,0.0,31.0,28.0,0.0,0.0,0.0,19.0,0.0,31.0,72.0,24.0,36.0,52.0,195.0,20.0,43.0,75.0,144.0,41.0,50.0,30.0,81.0,66.0,28.0,215.0,98.0,58.0,110.0,0.0,0.0,30.0,82.0,0.0,0.0,0.0,0.0,0.0
13088.5,24.0,0.0,0.0,0.0,0.0,0.0,47.0,0.0,0.0,39.0,30.0,0.0,144.0,37.0,71.0,99.0,108.0,120.0,54.0,129.0,69.0,59.0,73.0,114.0,33.0,0.0,86.0,39.0,44.0,112.0,70.0,58.0,0.0,22.0,22.0,91.0,43.0,0.0,23.0,0.0
13128.1,0.0,0.0,0.0,0.0,0.0,0.0,0.0,42.0,0.0,48.0,0.0,35.0,35.0,48.0,0.0,104.0,58.0,20.0,105.0,250.0,33.0,166.0,96.0,123.0,104.0,63.0,61.0,52.0,188.0,35.0,70.0,59.0,0.0,33.0,0.0,0.0,0.0,0.0,0.0,0.0
13167.6,0.0,0.0,0.0,0.0,0.0,0.0,0.0,0.0,47.0,76.0,0.0,65.0,74.0,63.0,49.0,157.0,78.0,76.0,81.0,100.0,65.0,83.0,50.0,86.0,36.0,52.0,78.0,267.0,117.0,22.0,0.0,0.0,0.0,23.0,30.0,0.0,0.0,0.0,0.0,0.0
13207,0.0,27.0,0.0,28.0,0.0,0.0,0.0,0.0,0.0,0.0,0.0,40.0,78.0,96.0,0.0,75.0,110.0,0.0,318.0,96.0,138.0,48.0,128.0,25.0,122.0,98.0,36.0,105.0,155.0,40.0,0.0,0.0,0.0,24.0,0.0,0.0,0.0,0.0,0.0,0.0
13246.3,0.0,28.0,0.0,0.0,0.0,0.0,0.0,0.0,0.0,61.0,42.0,77.0,77.0,24.0,201.0,132.0,123.0,98.0,20.0,147.0,199.0,113.0,0.0,21.0,169.0,0.0,30.0,94.0,0.0,57.0,0.0,0.0,0.0,19.0,0.0,60.0,0.0,0.0,0.0,0.0
13285.3,0.0,0.0,0.0,0.0,0.0,0.0,0.0,0.0,0.0,90.0,66.0,140.0,141.0,0.0,124.0,96.0,22.0,71.0,119.0,99.0,74.0,90.0,86.0,273.0,190.0,0.0,30.0,130.0,31.0,348.0,0.0,0.0,0.0,90.0,114.0,0.0,0.0,0.0,0.0,0.0
13324.3,0.0,0.0,0.0,0.0,53.0,0.0,0.0,0.0,0.0,29.0,74.0,48.0,102.0,30.0,169.0,189.0,108.0,61.0,67.0,0.0,196.0,37.0,0.0,114.0,163.0,0.0,0.0,64.0,50.0,0.0,129.0,20.0,0.0,42.0,22.0,29.0,0.0,0.0,0.0,0.0
13363.3,0.0,0.0,0.0,0.0,0.0,32.0,0.0,0.0,0.0,0.0,39.0,0.0,24.0,68.0,118.0,75.0,56.0,125.0,70.0,134.0,22.0,125.0,80.0,68.0,69.0,0.0,0.0,128.0,44.0,39.0,33.0,0.0,0.0,0.0,43.0,0.0,0.0,0.0,0.0,0.0
13402.1,0.0,0.0,0.0,0.0,0.0,0.0,35.0,0.0,0.0,0.0,0.0,39.0,27.0,153.0,76.0,31.0,136.0,110.0,136.0,124.0,44.0,67.0,89.0,99.0,73.0,141.0,0.0,20.0,89.0,70.0,49.0,59.0,0.0,77.0,29.0,0.0,0.0,0.0,0.0,0.0
13440.9,0.0,0.0,0.0,0.0,27.0,0.0,0.0,22.0,0.0,65.0,34.0,0.0,64.0,84.0,34.0,75.0,84.0,105.0,78.0,162.0,87.0,57.0,143.0,0.0,58.0,0.0,0.0,90.0,258.0,0.0,28.0,44.0,0.0,0.0,69.0,21.0,20.0,0.0,0.0,0.0
13479.5,0.0,0.0,0.0,0.0,0.0,0.0,0.0,0.0,0.0,0.0,0.0,33.0,0.0,0.0,91.0,39.0,32.0,44.0,51.0,128.0,139.0,215.0,0.0,46.0,106.0,0.0,58.0,83.0,178.0,26.0,0.0,31.0,21.0,97.0,0.0,22.0,50.0,0.0,0.0,121.0
13517.9,0.0,0.0,0.0,0.0,0.0,0.0,0.0,0.0,27.0,44.0,65.0,117.0,0.0,84.0,22.0,115.0,22.0,159.0,103.0,167.0,25.0,0.0,71.0,32.0,88.0,0.0,0.0,50.0,85.0,23.0,97.0,42.0,0.0,22.0,0.0,0.0,0.0,97.0,54.0,52.0
13556.3,0.0,0.0,0.0,0.0,0.0,0.0,0.0,0.0,0.0,54.0,0.0,25.0,36.0,0.0,119.0,81.0,143.0,79.0,65.0,110.0,141.0,0.0,228.0,74.0,33.0,20.0,21.0,102.0,104.0,70.0,23.0,96.0,33.0,0.0,22.0,45.0,0.0,0.0,0.0,0.0
13594.5,0.0,0.0,0.0,0.0,22.0,0.0,55.0,0.0,0.0,33.0,58.0,0.0,93.0,54.0,33.0,46.0,26.0,21.0,36.0,70.0,81.0,140.0,0.0,147.0,63.0,26.0,73.0,123.0,134.0,37.0,78.0,0.0,0.0,57.0,0.0,0.0,0.0,0.0,0.0,0.0
13632.7,0.0,0.0,63.0,0.0,0.0,41.0,0.0,33.0,44.0,0.0,83.0,35.0,0.0,80.0,61.0,79.0,33.0,40.0,0.0,176.0,47.0,290.0,164.0,152.0,21.0,106.0,55.0,116.0,171.0,178.0,100.0,0.0,0.0,20.0,0.0,23.0,0.0,0.0,0.0,0.0
13670.7,54.0,45.0,0.0,0.0,0.0,0.0,0.0,27.0,0.0,55.0,63.0,0.0,117.0,49.0,69.0,235.0,157.0,153.0,131.0,134.0,68.0,57.0,186.0,47.0,65.0,19.0,42.0,87.0,0.0,185.0,47.0,0.0,0.0,43.0,0.0,0.0,0.0,0.0,0.0,0.0
13708.6,0.0,0.0,0.0,0.0,0.0,0.0,0.0,0.0,0.0,0.0,0.0,0.0,102.0,0.0,41.0,0.0,0.0,66.0,97.0,140.0,116.0,129.0,230.0,33.0,48.0,61.0,0.0,260.0,0.0,104.0,31.0,84.0,0.0,45.0,0.0,0.0,22.0,23.0,0.0,56.0
13746.4,0.0,0.0,0.0,48.0,22.0,41.0,38.0,0.0,71.0,20.0,22.0,26.0,44.0,84.0,118.0,26.0,126.0,92.0,232.0,97.0,106.0,20.0,88.0,111.0,181.0,0.0,74.0,137.0,67.0,128.0,0.0,0.0,0.0,34.0,20.0,0.0,23.0,31.0,0.0,83.0
13784.1,0.0,0.0,0.0,32.0,27.0,0.0,0.0,0.0,0.0,80.0,117.0,37.0,45.0,96.0,0.0,0.0,95.0,207.0,122.0,111.0,65.0,66.0,97.0,84.0,23.0,0.0,0.0,148.0,108.0,151.0,23.0,0.0,0.0,0.0,40.0,0.0,104.0,20.0,42.0,0.0
13821.8,0.0,0.0,44.0,21.0,0.0,0.0,0.0,34.0,0.0,0.0,42.0,0.0,0.0,47.0,32.0,178.0,96.0,56.0,27.0,44.0,22.0,0.0,57.0,198.0,28.0,134.0,0.0,69.0,207.0,20.0,22.0,0.0,0.0,102.0,0.0,40.0,0.0,20.0,0.0,22.0
13859.3,0.0,0.0,0.0,0.0,25.0,0.0,0.0,0.0,0.0,31.0,49.0,25.0,0.0,61.0,0.0,73.0,116.0,192.0,32.0,0.0,109.0,125.0,82.0,44.0,23.0,99.0,0.0,91.0,73.0,108.0,25.0,45.0,0.0,0.0,0.0,0.0,71.0,0.0,0.0,64.0
13896.7,0.0,0.0,0.0,0.0,0.0,0.0,0.0,0.0,0.0,32.0,0.0,0.0,22.0,20.0,106.0,213.0,67.0,262.0,0.0,109.0,81.0,25.0,59.0,138.0,68.0,28.0,36.0,70.0,209.0,20.0,0.0,121.0,0.0,32.0,0.0,0.0,0.0,0.0,0.0,19.0
13934.1,0.0,0.0,0.0,0.0,0.0,0.0,0.0,25.0,0.0,0.0,28.0,32.0,0.0,26.0,105.0,0.0,162.0,120.0,89.0,124.0,0.0,27.0,48.0,196.0,95.0,69.0,0.0,77.0,162.0,111.0,47.0,61.0,0.0,0.0,0.0,0.0,0.0,0.0,0.0,0.0
13971.3,0.0,0.0,0.0,89.0,0.0,67.0,0.0,50.0,20.0,0.0,78.0,193.0,60.0,20.0,32.0,67.0,71.0,207.0,162.0,89.0,92.0,70.0,214.0,92.0,59.0,19.0,32.0,71.0,102.0,75.0,23.0,0.0,32.0,0.0,0.0,0.0,20.0,21.0,43.0,0.0
14008.3,0.0,0.0,0.0,0.0,0.0,0.0,0.0,0.0,0.0,133.0,24.0,0.0,94.0,0.0,135.0,21.0,0.0,143.0,88.0,128.0,70.0,0.0,208.0,241.0,50.0,0.0,0.0,56.0,118.0,105.0,32.0,0.0,0.0,0.0,0.0,0.0,27.0,0.0,0.0,0.0
14045.3,0.0,19.0,0.0,0.0,0.0,92.0,0.0,0.0,0.0,22.0,85.0,20.0,0.0,77.0,223.0,103.0,0.0,30.0,73.0,70.0,72.0,118.0,37.0,0.0,0.0,25.0,29.0,75.0,22.0,56.0,0.0,0.0,0.0,71.0,20.0,0.0,0.0,0.0,0.0,56.0
14082.2,0.0,0.0,0.0,0.0,0.0,0.0,0.0,0.0,0.0,31.0,0.0,0.0,21.0,57.0,0.0,153.0,251.0,49.0,121.0,141.0,75.0,105.0,74.0,104.0,78.0,107.0,60.0,87.0,152.0,142.0,0.0,20.0,0.0,28.0,0.0,0.0,0.0,0.0,0.0,0.0
14119.1,0.0,0.0,0.0,0.0,0.0,0.0,30.0,0.0,0.0,0.0,0.0,98.0,171.0,130.0,50.0,22.0,56.0,38.0,20.0,98.0,54.0,112.0,50.0,114.0,62.0,60.0,26.0,120.0,23.0,65.0,0.0,0.0,30.0,37.0,20.0,0.0,0.0,22.0,19.0,20.0
14155.9,0.0,0.0,0.0,0.0,0.0,0.0,0.0,0.0,0.0,94.0,51.0,49.0,123.0,34.0,45.0,91.0,42.0,67.0,35.0,105.0,0.0,101.0,80.0,63.0,73.0,20.0,79.0,238.0,139.0,0.0,30.0,22.0,27.0,23.0,0.0,0.0,0.0,0.0,0.0,0.0
14192.5,0.0,31.0,0.0,0.0,0.0,0.0,0.0,0.0,0.0,0.0,0.0,0.0,98.0,85.0,115.0,0.0,0.0,39.0,192.0,149.0,68.0,85.0,65.0,145.0,0.0,43.0,0.0,211.0,145.0,49.0,0.0,0.0,0.0,62.0,0.0,0.0,39.0,66.0,0.0,0.0
14229.1,0.0,0.0,0.0,0.0,0.0,0.0,0.0,0.0,0.0,0.0,41.0,79.0,0.0,84.0,56.0,73.0,68.0,25.0,67.0,201.0,273.0,24.0,0.0,84.0,147.0,39.0,99.0,167.0,168.0,156.0,31.0,0.0,70.0,0.0,46.0,0.0,0.0,0.0,0.0,0.0
