# Range file name:,BSA16A.txt,BSA16A.txt.1,BSA16A.txt.2,BSA16A.txt.3,BSA16A.txt.4,BSA16A.txt.5,BSA16A.txt.6,BSA16A.txt.7,BSA16A.txt.8,BSA16A.txt.9,BSA16A.txt.10,BSA16A.txt.11,BSA16A.txt.12,BSA16A.txt.13,BSA16A.txt.14,BSA16A.txt.15,BSA16A.txt.16,BSA16A.txt.17,BSA16A.txt.18,BSA16A.txt.19,BSA16A.txt.20,BSA16A.txt.21,BSA16A.txt.22,BSA16A.txt.23,BSA16A.txt.24,BSA16A.txt.25,BSA16A.txt.26,BSA16A.txt.27,BSA16A.txt.28,BSA16A.txt.29,BSA16A.txt.30,BSA16A.txt.31,BSA16A.txt.32,BSA16A.txt.33,BSA16A.txt.34,BSA16A.txt.35,BSA16A.txt.36,BSA16A.txt.37,BSA16A.txt.38,BSA16A.txt.39
# Raw file name:,251001_BSA_CIU_high_AA.raw,251001_BSA_CIU_high_AB.raw,251001_BSA_CIU_high_AC.raw,251001_BSA_CIU_high_AD.raw,251001_BSA_CIU_high_AE.raw,251001_BSA_CIU_high_AF.raw,251001_BSA_CIU_high_AG.raw,251001_BSA_CIU_high_AH.raw,251001_BSA_CIU_high_AI.raw,251001_BSA_CIU_high_AJ.raw,251001_BSA_CIU_high_AK.raw,251001_BSA_CIU_high_AL.raw,251001_BSA_CIU_high_AM.raw,251001_BSA_CIU_high_AN.raw,251001_BSA_CIU_high_AO.raw,251001_BSA_CIU_high_AP.raw,251001_BSA_CIU_high_AQ.raw,251001_BSA_CIU_high_AR.raw,251001_BSA_CIU_high_AS.raw,251001_BSA_CIU_high_AT.raw,251001_BSA_CIU_high_AU.raw,251001_BSA_CIU_high_AV.raw,251001_BSA_CIU_high_AW.raw,251001_BSA_CIU_high_AX.raw,251001_BSA_CIU_high_AY.raw,251001_BSA_CIU_high_AZ.raw,251001_BSA_CIU_high_BA.raw,251001_BSA_CIU_high_BB.raw,251001_BSA_CIU_high_BC.raw,251001_BSA_CIU_high_BD.raw,251001_BSA_CIU_high_BE.raw,251001_BSA_CIU_high_BF.raw,251001_BSA_CIU_high_BG.raw,251001_BSA_CIU_high_BH.raw,251001_BSA_CIU_high_BI.raw,251001_BSA_CIU_high_BJ.raw,251001_BSA_CIU_high_BK.raw,251001_BSA_CIU_high_BL.raw,251001_BSA_CIU_high_BM.raw,251001_BSA_CIU_high_BN.raw
$TrapCV:,5.0,10.0,15.0,20.0,25.0,30.0,35.0,40.0,45.0,50.0,55.0,60.0,65.0,70.0,75.0,80.0,85.0,90.0,95.0,100.0,105.0,110.0,115.0,120.0,125.0,130.0,135.0,140.0,145.0,150.0,155.0,160.0,165.0,170.0,175.0,180.0,185.0,190.0,195.0,200.0
0.0,55.0,0.0,0.0,51.0,0.0,0.0,0.0,0.0,0.0,0.0,38.0,79.0,0.0,93.0,0.0,58.0,0.0,32.0,27.0,0.0,0.0,0.0,0.0,0.0,0.0,68.0,0.0,0.0,28.0,0.0,0.0,0.0,0.0,0.0,0.0,0.0,0.0,0.0,0.0,0.0
48920.1,42.0,0.0,73.0,36.0,51.0,37.0,0.0,0.0,29.0,26.0,36.0,0.0,0.0,117.0,38.0,0.0,0.0,210.0,0.0,0.0,0.0,0.0,0.0,0.0,22.0,0.0,0.0,0.0,0.0,20.0,0.0,0.0,0.0,0.0,0.0,32.0,0.0,0.0,0.0,0.0
45063.5,0.0,48.0,25.0,0.0,0.0,95.0,0.0,39.0,0.0,27.0,28.0,53.0,20.0,0.0,0.0,0.0,0.0,37.0,0.0,0.0,0.0,0.0,0.0,0.0,34.0,0.0,0.0,0.0,0.0,0.0,0.0,0.0,0.0,0.0,0.0,0.0,0.0,0.0,20.0,0.0
42168.9,77.0,116.0,22.0,29.0,69.0,59.0,55.0,39.0,65.0,53.0,0.0,35.0,63.0,20.0,28.0,0.0,0.0,0.0,0.0,0.0,0.0,0.0,0.0,33.0,24.0,0.0,28.0,0.0,37.0,0.0,0.0,0.0,0.0,0.0,0.0,0.0,0.0,0.0,0.0,0.0
41262.3,29.0,0.0,154.0,48.0,20.0,0.0,34.0,0.0,41.0,0.0,114.0,109.0,35.0,0.0,0.0,23.0,30.0,52.0,0.0,0.0,0.0,0.0,0.0,0.0,0.0,53.0,0.0,0.0,26.0,0.0,0.0,0.0,0.0,0.0,0.0,0.0,0.0,0.0,0.0,0.0
40365.8,0.0,198.0,62.0,27.0,192.0,0.0,65.0,25.0,0.0,0.0,0.0,60.0,35.0,78.0,0.0,56.0,0.0,0.0,0.0,0.0,0.0,0.0,0.0,0.0,88.0,0.0,0.0,0.0,45.0,0.0,0.0,0.0,0.0,0.0,0.0,0.0,0.0,0.0,0.0,0.0
38535.6,0.0,0.0,94.0,29.0,0.0,0.0,58.0,89.0,62.0,74.0,29.0,47.0,99.0,0.0,36.0,0.0,73.0,0.0,0.0,0.0,0.0,0.0,0.0,0.0,0.0,20.0,0.0,0.0,0.0,0.0,0.0,0.0,0.0,0.0,0.0,0.0,0.0,0.0,0.0,0.0
36651.8,145.0,70.0,0.0,99.0,231.0,24.0,0.0,38.0,113.0,43.0,0.0,114.0,80.0,69.0,0.0,48.0,54.0,0.0,0.0,0.0,0.0,0.0,0.0,0.0,36.0,0.0,0.0,20.0,0.0,19.0,0.0,0.0,0.0,0.0,0.0,0.0,0.0,0.0,0.0,0.0
35767.4,95.0,0.0,0.0,0.0,68.0,79.0,0.0,0.0,0.0,0.0,0.0,101.0,0.0,0.0,0.0,40.0,0.0,62.0,0.0,0.0,0.0,0.0,0.0,0.0,0.0,0.0,0.0,0.0,0.0,0.0,0.0,0.0,0.0,0.0,0.0,0.0,0.0,0.0,0.0,0.0
33869.1,59.0,42.0,46.0,23.0,0.0,0.0,0.0,0.0,34.0,0.0,0.0,31.0,145.0,88.0,0.0,100.0,0.0,67.0,0.0,0.0,0.0,0.0,0.0,0.0,0.0,0.0,0.0,0.0,0.0,0.0,0.0,0.0,0.0,0.0,0.0,0.0,0.0,0.0,0.0,0.0
30033.9,27.0,89.0,41.0,23.0,26.0,0.0,0.0,0.0,38.0,22.0,0.0,32.0,72.0,102.0,0.0,0.0,24.0,35.0,0.0,0.0,0.0,0.0,0.0,0.0,30.0,0.0,0.0,0.0,0.0,0.0,0.0,40.0,0.0,0.0,0.0,0.0,0.0,0.0,0.0,0.0
28126.8,78.0,35.0,31.0,59.0,0.0,0.0,0.0,23.0,0.0,0.0,0.0,60.0,0.0,0.0,42.0,0.0,0.0,0.0,58.0,0.0,0.0,0.0,0.0,0.0,0.0,26.0,0.0,0.0,0.0,0.0,0.0,42.0,0.0,0.0,0.0,0.0,0.0,0.0,0.0,0.0
25256.1,31.0,37.0,22.0,61.0,49.0,0.0,0.0,0.0,0.0,0.0,0.0,0.0,26.0,0.0,0.0,20.0,34.0,31.0,0.0,0.0,0.0,0.0,0.0,0.0,0.0,43.0,0.0,0.0,0.0,0.0,0.0,0.0,48.0,0.0,0.0,36.0,0.0,0.0,0.0,0.0
23414.3,42.0,22.0,0.0,22.0,0.0,0.0,34.0,84.0,0.0,76.0,76.0,116.0,30.0,0.0,60.0,39.0,96.0,0.0,0.0,60.0,0.0,0.0,0.0,0.0,0.0,0.0,0.0,0.0,0.0,0.0,0.0,0.0,0.0,0.0,0.0,0.0,0.0,0.0,0.0,0.0
23501.6,0.0,0.0,0.0,23.0,72.0,0.0,0.0,0.0,0.0,0.0,37.0,25.0,37.0,0.0,0.0,0.0,0.0,0.0,0.0,0.0,0.0,0.0,0.0,0.0,0.0,0.0,0.0,0.0,0.0,0.0,0.0,0.0,0.0,0.0,0.0,0.0,20.0,0.0,0.0,0.0
23628.8,54.0,83.0,0.0,25.0,36.0,0.0,0.0,32.0,0.0,0.0,122.0,20.0,45.0,25.0,0.0,129.0,65.0,0.0,0.0,0.0,0.0,0.0,0.0,44.0,0.0,0.0,0.0,0.0,39.0,31.0,23.0,0.0,0.0,0.0,0.0,0.0,0.0,0.0,0.0,0.0
23745.8,23.0,48.0,0.0,41.0,0.0,89.0,32.0,0.0,65.0,0.0,19.0,0.0,0.0,0.0,20.0,0.0,39.0,0.0,0.0,0.0,0.0,0.0,0.0,0.0,0.0,0.0,0.0,0.0,0.0,0.0,0.0,0.0,0.0,0.0,0.0,0.0,0.0,0.0,0.0,0.0
21862.2,59.0,0.0,23.0,25.0,22.0,0.0,0.0,0.0,41.0,0.0,0.0,0.0,27.0,0.0,0.0,57.0,0.0,68.0,0.0,0.0,26.0,0.0,41.0,0.0,0.0,0.0,0.0,21.0,0.0,0.0,0.0,0.0,0.0,0.0,0.0,0.0,0.0,0.0,0.0,0.0
20954.7,0.0,0.0,0.0,0.0,0.0,0.0,0.0,0.0,0.0,47.0,20.0,46.0,0.0,0.0,69.0,0.0,45.0,0.0,0.0,0.0,0.0,0.0,0.0,0.0,0.0,0.0,0.0,0.0,0.0,0.0,0.0,0.0,0.0,0.0,0.0,0.0,0.0,0.0,0.0,0.0
20048.9,41.0,78.0,0.0,0.0,0.0,32.0,0.0,0.0,0.0,42.0,39.0,0.0,0.0,0.0,0.0,26.0,45.0,0.0,0.0,0.0,0.0,0.0,0.0,0.0,0.0,0.0,0.0,0.0,0.0,0.0,0.0,0.0,0.0,0.0,0.0,0.0,0.0,0.0,0.0,0.0
19165.5,40.0,39.0,59.0,0.0,0.0,65.0,0.0,48.0,59.0,0.0,0.0,38.0,51.0,106.0,61.0,0.0,0.0,0.0,32.0,33.0,0.0,0.0,0.0,29.0,0.0,0.0,0.0,0.0,0.0,0.0,0.0,0.0,29.0,0.0,0.0,0.0,0.0,0.0,0.0,0.0
17300.5,119.0,75.0,66.0,199.0,125.0,60.0,72.0,66.0,0.0,0.0,0.0,66.0,133.0,136.0,0.0,0.0,41.0,118.0,0.0,0.0,0.0,0.0,0.0,0.0,0.0,0.0,0.0,0.0,0.0,0.0,0.0,0.0,0.0,0.0,0.0,30.0,0.0,0.0,0.0,0.0
17425.7,165.0,157.0,211.0,165.0,311.0,169.0,74.0,80.0,130.0,0.0,40.0,140.0,42.0,52.0,0.0,30.0,62.0,0.0,0.0,0.0,0.0,0.0,0.0,0.0,0.0,0.0,0.0,59.0,0.0,0.0,0.0,41.0,0.0,0.0,0.0,0.0,0.0,0.0,0.0,0.0
14560.1,475.0,771.0,573.0,707.0,1010.0,819.0,984.0,800.0,283.0,36.0,88.0,34.0,71.0,73.0,74.0,19.0,150.0,51.0,0.0,0.0,0.0,0.0,0.0,0.0,0.0,44.0,0.0,0.0,22.0,0.0,0.0,0.0,0.0,0.0,0.0,0.0,0.0,0.0,0.0,0.0
13692.6,4625.0,3988.0,4193.0,6179.0,12888.0,16094.0,17469.0,12525.0,2202.0,178.0,82.0,126.0,108.0,51.0,42.0,26.0,126.0,123.0,52.0,60.0,0.0,24.0,0.0,39.0,44.0,0.0,0.0,0.0,57.0,63.0,68.0,0.0,0.0,0.0,0.0,0.0,0.0,0.0,0.0,0.0
13775.5,57623.0,64435.0,59189.0,76122.0,101671.0,120879.0,119261.0,58823.0,16705.0,1835.0,346.0,171.0,121.0,33.0,25.0,48.0,87.0,22.0,73.0,0.0,0.0,0.0,0.0,91.0,0.0,0.0,0.0,0.0,0.0,0.0,0.0,0.0,0.0,0.0,0.0,0.0,0.0,0.0,0.0,0.0
11927.3,215634.0,249337.0,224566.0,270581.0,288734.0,312242.0,259727.0,145595.0,44243.0,6896.0,770.0,354.0,52.0,64.0,80.0,63.0,105.0,60.0,87.0,0.0,31.0,0.0,0.0,0.0,0.0,0.0,0.0,0.0,0.0,0.0,0.0,0.0,0.0,0.0,0.0,0.0,44.0,0.0,0.0,0.0
10068.5,328606.0,359391.0,370394.0,397869.0,377120.0,385291.0,343292.0,226199.0,86960.0,14756.0,2285.0,795.0,455.0,344.0,123.0,261.0,422.0,107.0,40.0,40.0,84.0,0.0,0.0,0.0,0.0,19.0,0.0,0.0,0.0,0.0,50.0,0.0,23.0,0.0,0.0,0.0,0.0,0.0,0.0,0.0
8169.91,279753.0,308681.0,321223.0,334296.0,308931.0,331775.0,327378.0,256086.0,131536.0,31986.0,4970.0,1530.0,1079.0,655.0,428.0,457.0,261.0,326.0,0.0,0.0,0.0,0.0,0.0,0.0,0.0,0.0,30.0,0.0,0.0,0.0,40.0,0.0,0.0,0.0,0.0,0.0,0.0,0.0,0.0,0.0
8298.45,141818.0,151455.0,161980.0,177813.0,164173.0,184719.0,228148.0,234908.0,163208.0,50837.0,9345.0,1742.0,930.0,416.0,609.0,351.0,449.0,249.0,175.0,33.0,0.0,0.0,0.0,32.0,29.0,29.0,0.0,77.0,0.0,64.0,0.0,0.0,0.0,0.0,28.0,0.0,0.0,0.0,0.0,0.0
8418.87,34540.0,34796.0,40604.0,47265.0,48804.0,69860.0,123606.0,186987.0,182668.0,73437.0,12251.0,3243.0,970.0,477.0,193.0,331.0,330.0,363.0,28.0,0.0,40.0,53.0,0.0,105.0,45.0,0.0,23.0,22.0,22.0,0.0,0.0,0.0,0.0,0.0,0.0,24.0,0.0,0.0,0.0,0.0
8539.04,9148.0,8467.0,10876.0,12175.0,16517.0,32253.0,70227.0,143434.0,183590.0,95846.0,19447.0,4050.0,1226.0,334.0,52.0,151.0,132.0,47.0,0.0,70.0,0.0,0.0,67.0,74.0,99.0,32.0,131.0,139.0,48.0,81.0,60.0,63.0,0.0,0.0,0.0,0.0,0.0,26.0,0.0,0.0
8640.58,4413.0,4651.0,5006.0,6459.0,8103.0,15443.0,43245.0,100547.0,170807.0,110491.0,23105.0,4221.0,1131.0,281.0,119.0,75.0,146.0,189.0,0.0,49.0,23.0,0.0,0.0,153.0,68.0,84.0,43.0,0.0,67.0,0.0,0.0,28.0,0.0,0.0,0.0,0.0,42.0,0.0,0.0,0.0
7733.98,2990.0,2777.0,2800.0,3128.0,4266.0,8621.0,25651.0,74263.0,145147.0,109601.0,27711.0,5737.0,1382.0,542.0,254.0,180.0,57.0,0.0,0.0,0.0,27.0,0.0,0.0,0.0,0.0,82.0,85.0,0.0,64.0,0.0,49.0,0.0,0.0,0.0,34.0,0.0,0.0,0.0,0.0,0.0
6847.39,1621.0,1294.0,1642.0,1905.0,2639.0,5918.0,14997.0,52041.0,118143.0,101511.0,35158.0,7893.0,1872.0,619.0,289.0,346.0,89.0,186.0,0.0,55.0,0.0,0.0,0.0,30.0,32.0,112.0,0.0,0.0,29.0,26.0,0.0,0.0,29.0,27.0,0.0,0.0,0.0,0.0,0.0,0.0
6937.32,661.0,1530.0,1155.0,969.0,1657.0,3728.0,9476.0,31687.0,88322.0,93578.0,42116.0,10617.0,3457.0,1869.0,985.0,603.0,590.0,370.0,64.0,20.0,38.0,73.0,0.0,51.0,0.0,0.0,0.0,0.0,0.0,0.0,20.0,29.0,0.0,33.0,22.0,0.0,0.0,0.0,0.0,0.0
6067.44,869.0,1530.0,1378.0,1418.0,1911.0,3433.0,7957.0,22434.0,69663.0,94030.0,54458.0,18813.0,7119.0,4444.0,2647.0,1942.0,1627.0,1390.0,242.0,44.0,54.0,20.0,0.0,130.0,55.0,52.0,0.0,0.0,25.0,68.0,0.0,93.0,0.0,25.0,58.0,0.0,87.0,0.0,107.0,0.0
6176.15,1215.0,1784.0,1594.0,1538.0,1871.0,2937.0,6261.0,17181.0,63919.0,103634.0,83510.0,34651.0,13375.0,7470.0,4014.0,2609.0,2501.0,1361.0,205.0,90.0,72.0,74.0,0.0,75.0,0.0,42.0,41.0,65.0,44.0,69.0,23.0,141.0,28.0,93.0,145.0,54.0,83.0,67.0,118.0,107.0
6272.04,940.0,1379.0,1389.0,1050.0,1444.0,2556.0,4962.0,17319.0,65631.0,125594.0,126957.0,71570.0,30243.0,12564.0,5272.0,2574.0,1582.0,1682.0,102.0,20.0,76.0,0.0,0.0,31.0,69.0,26.0,0.0,0.0,151.0,37.0,46.0,43.0,24.0,0.0,226.0,47.0,51.0,55.0,99.0,114.0
6379.76,514.0,583.0,433.0,810.0,907.0,1734.0,4286.0,13896.0,68035.0,145584.0,176686.0,122334.0,64050.0,25488.0,9023.0,3185.0,1484.0,827.0,90.0,25.0,33.0,0.0,0.0,0.0,75.0,170.0,89.0,316.0,137.0,105.0,76.0,217.0,136.0,186.0,57.0,94.0,44.0,123.0,129.0,87.0
6472.16,177.0,50.0,164.0,204.0,340.0,1519.0,3472.0,13698.0,68975.0,173196.0,248181.0,180641.0,96805.0,46738.0,17997.0,5555.0,1666.0,480.0,85.0,34.0,0.0,60.0,0.0,250.0,110.0,522.0,577.0,434.0,720.0,383.0,513.0,439.0,166.0,225.0,225.0,118.0,168.0,72.0,147.0,69.0
6560.55,162.0,114.0,254.0,220.0,273.0,1416.0,3457.0,15664.0,71884.0,203302.0,322200.0,252547.0,146123.0,74170.0,28170.0,11869.0,4461.0,1662.0,201.0,0.0,24.0,29.0,66.0,227.0,280.0,627.0,1226.0,814.0,795.0,1261.0,1085.0,1361.0,578.0,512.0,724.0,477.0,222.0,62.0,65.0,200.0
6662.39,0.0,225.0,127.0,222.0,276.0,1324.0,3795.0,12656.0,72816.0,215373.0,356779.0,314219.0,185064.0,114645.0,48127.0,26017.0,10288.0,3456.0,220.0,189.0,87.0,187.0,0.0,516.0,547.0,436.0,917.0,1210.0,1401.0,1486.0,864.0,787.0,661.0,643.0,160.0,264.0,84.0,227.0,105.0,241.0
6750.11,65.0,140.0,233.0,167.0,466.0,1140.0,3169.0,11202.0,55915.0,172111.0,311347.0,300349.0,192031.0,131067.0,63942.0,36707.0,18181.0,6016.0,365.0,304.0,208.0,171.0,111.0,310.0,608.0,297.0,449.0,728.0,806.0,599.0,807.0,985.0,807.0,602.0,500.0,164.0,325.0,99.0,104.0,255.0
6837.1,48.0,121.0,120.0,71.0,225.0,986.0,2246.0,5799.0,31586.0,108700.0,223619.0,231396.0,172760.0,122316.0,65261.0,43152.0,23100.0,8217.0,1007.0,304.0,348.0,36.0,0.0,664.0,289.0,331.0,303.0,212.0,447.0,415.0,278.0,299.0,366.0,200.0,342.0,140.0,483.0,45.0,189.0,229.0
6923.07,0.0,0.0,0.0,55.0,235.0,437.0,1052.0,3200.0,17083.0,60891.0,133483.0,157837.0,136037.0,120308.0,73182.0,55732.0,39946.0,15260.0,1349.0,469.0,168.0,115.0,56.0,528.0,825.0,466.0,326.0,398.0,131.0,197.0,238.0,484.0,401.0,337.0,293.0,387.0,326.0,335.0,374.0,290.0
7012.32,0.0,140.0,49.0,0.0,37.0,174.0,767.0,1473.0,8087.0,34391.0,81193.0,114851.0,133606.0,169856.0,129519.0,121723.0,103606.0,52511.0,5186.0,1876.0,386.0,389.0,48.0,1472.0,1248.0,1239.0,737.0,521.0,458.0,418.0,331.0,347.0,457.0,558.0,1024.0,327.0,507.0,360.0,281.0,128.0
7097.81,68.0,66.0,0.0,87.0,0.0,355.0,574.0,950.0,5184.0,20806.0,52402.0,112062.0,175786.0,239894.0,215078.0,231879.0,213940.0,123418.0,17216.0,7080.0,2092.0,1515.0,771.0,5750.0,4987.0,3816.0,2018.0,1479.0,733.0,785.0,843.0,518.0,565.0,834.0,759.0,319.0,283.0,309.0,224.0,361.0
7181.32,0.0,0.0,52.0,30.0,82.0,180.0,461.0,902.0,2390.0,13917.0,45422.0,114310.0,198733.0,283879.0,277807.0,305510.0,304576.0,195363.0,33646.0,16671.0,6481.0,3694.0,1911.0,15007.0,11015.0,7643.0,5160.0,3106.0,3027.0,1727.0,1268.0,1293.0,727.0,933.0,754.0,596.0,397.0,297.0,289.0,266.0
7276.8,51.0,0.0,63.0,202.0,36.0,187.0,301.0,1037.0,3313.0,10519.0,37331.0,104073.0,191198.0,280178.0,279609.0,329989.0,339024.0,235152.0,54769.0,27125.0,10845.0,7201.0,4627.0,22217.0,20210.0,12919.0,10705.0,5812.0,4340.0,2746.0,2418.0,1401.0,1392.0,866.0,874.0,584.0,557.0,614.0,633.0,326.0
7359.08,47.0,0.0,0.0,47.0,113.0,116.0,288.0,796.0,1821.0,5593.0,25808.0,80599.0,157284.0,230571.0,234895.0,278668.0,290861.0,223387.0,54898.0,31346.0,14010.0,8561.0,4569.0,26681.0,24130.0,16540.0,11215.0,7937.0,4704.0,3249.0,2391.0,2115.0,1099.0,905.0,565.0,434.0,237.0,504.0,467.0,340.0
7440.28,0.0,76.0,44.0,70.0,57.0,34.0,94.0,265.0,735.0,3567.0,14189.0,50807.0,111174.0,160944.0,167184.0,199825.0,204892.0,171807.0,49845.0,27937.0,13116.0,8289.0,5591.0,24026.0,21824.0,17737.0,13538.0,7224.0,6700.0,4533.0,4288.0,2787.0,2282.0,1260.0,739.0,424.0,403.0,423.0,123.0,293.0
7520.56,0.0,51.0,39.0,165.0,109.0,31.0,168.0,233.0,596.0,1631.0,9376.0,27126.0,62844.0,97634.0,100828.0,116468.0,121942.0,112585.0,37655.0,20452.0,11207.0,8180.0,3891.0,21968.0,20845.0,16233.0,13041.0,8057.0,5585.0,5545.0,4613.0,2411.0,2703.0,1719.0,1170.0,592.0,396.0,488.0,274.0,233.0
7599.89,27.0,19.0,66.0,0.0,25.0,74.0,82.0,24.0,396.0,1446.0,5940.0,16382.0,34213.0,53549.0,52655.0,60770.0,70924.0,72977.0,25608.0,16216.0,9853.0,4883.0,3083.0,19961.0,20892.0,13775.0,11834.0,7681.0,9071.0,7643.0,4964.0,3171.0,3905.0,2881.0,1640.0,1174.0,659.0,812.0,378.0,159.0
7678.42,0.0,82.0,84.0,0.0,28.0,25.0,39.0,217.0,257.0,1195.0,3347.0,9095.0,17769.0,29005.0,28354.0,38144.0,50483.0,57463.0,24790.0,17201.0,9912.0,6912.0,3396.0,25284.0,23719.0,15650.0,15554.0,9672.0,11666.0,10438.0,6374.0,5578.0,5715.0,2719.0,1896.0,1672.0,929.0,932.0,640.0,409.0
7756.02,0.0,39.0,0.0,111.0,79.0,0.0,0.0,52.0,220.0,840.0,2721.0,5446.0,11120.0,18922.0,21523.0,28444.0,42353.0,51870.0,24618.0,21157.0,12293.0,8860.0,4154.0,26043.0,26083.0,19501.0,16126.0,11613.0,13259.0,11126.0,8731.0,7229.0,5176.0,4665.0,2138.0,2283.0,1452.0,1242.0,502.0,525.0
7832.78,0.0,0.0,0.0,0.0,67.0,59.0,76.0,149.0,120.0,772.0,1482.0,4486.0,6906.0,12020.0,14693.0,21289.0,35030.0,49751.0,25947.0,20805.0,12940.0,9140.0,4686.0,26552.0,26783.0,21441.0,20328.0,17696.0,15949.0,15040.0,10577.0,8338.0,6684.0,5509.0,2900.0,1999.0,1196.0,1462.0,1020.0,672.0
7908.76,0.0,0.0,70.0,0.0,0.0,0.0,64.0,93.0,38.0,649.0,1487.0,2466.0,4806.0,8122.0,10580.0,15512.0,25788.0,34858.0,23111.0,18925.0,11689.0,8056.0,4497.0,28245.0,27989.0,24340.0,28498.0,23908.0,21982.0,18071.0,14456.0,9438.0,6975.0,6804.0,4480.0,3180.0,1379.0,1204.0,788.0,817.0
7983.95,0.0,0.0,0.0,53.0,59.0,85.0,47.0,25.0,202.0,480.0,1252.0,1776.0,3336.0,5622.0,7059.0,10776.0,16731.0,27805.0,17050.0,12736.0,8104.0,6656.0,3198.0,23458.0,29799.0,29698.0,34175.0,26527.0,28799.0,22441.0,16108.0,11058.0,10387.0,8278.0,4751.0,2967.0,1631.0,1336.0,1048.0,971.0
8058.41,30.0,111.0,33.0,90.0,0.0,0.0,0.0,0.0,96.0,546.0,1504.0,1405.0,1426.0,3132.0,3297.0,7268.0,11189.0,18438.0,11449.0,7751.0,5421.0,4998.0,2172.0,21291.0,27085.0,30672.0,39013.0,34479.0,31328.0,25360.0,18760.0,12257.0,10450.0,6908.0,5626.0,4060.0,1648.0,1210.0,812.0,629.0
8132.12,24.0,24.0,0.0,91.0,45.0,0.0,52.0,51.0,78.0,412.0,1641.0,1335.0,997.0,1765.0,2691.0,4016.0,6501.0,9549.0,5924.0,5703.0,2910.0,2933.0,1336.0,14207.0,24473.0,27039.0,36885.0,31520.0,29046.0,23198.0,18999.0,12251.0,11085.0,8408.0,3999.0,3357.0,1363.0,1117.0,873.0,225.0
8205.14,26.0,34.0,0.0,20.0,69.0,0.0,0.0,0.0,56.0,304.0,1288.0,1158.0,507.0,1105.0,1074.0,1512.0,3669.0,5027.0,2918.0,2885.0,1762.0,1696.0,884.0,10942.0,17224.0,20971.0,28530.0,25204.0,26436.0,20557.0,15310.0,12037.0,9795.0,7564.0,5001.0,3478.0,2148.0,715.0,442.0,268.0
8277.5,0.0,0.0,0.0,0.0,87.0,0.0,22.0,37.0,80.0,128.0,254.0,530.0,535.0,440.0,763.0,1422.0,1516.0,3096.0,1707.0,1118.0,960.0,1273.0,377.0,6220.0,10652.0,12590.0,19415.0,17090.0,18707.0,14646.0,12421.0,9481.0,7153.0,6085.0,3248.0,2246.0,1110.0,1320.0,470.0,368.0
8349.12,0.0,0.0,43.0,0.0,0.0,52.0,0.0,0.0,33.0,127.0,94.0,81.0,261.0,350.0,452.0,532.0,940.0,1579.0,855.0,574.0,398.0,419.0,191.0,3494.0,6473.0,8239.0,11453.0,12891.0,13114.0,10292.0,9258.0,8927.0,6226.0,4643.0,2659.0,1770.0,799.0,707.0,349.0,666.0
8420.2,52.0,0.0,0.0,0.0,28.0,97.0,26.0,22.0,0.0,0.0,32.0,142.0,280.0,308.0,120.0,534.0,337.0,832.0,776.0,444.0,341.0,430.0,31.0,2432.0,4437.0,3664.0,7729.0,7625.0,9003.0,8777.0,6560.0,5674.0,4165.0,3215.0,2092.0,1585.0,1389.0,563.0,662.0,693.0
8490.59,0.0,0.0,0.0,0.0,0.0,0.0,0.0,22.0,0.0,78.0,135.0,227.0,101.0,112.0,130.0,151.0,686.0,733.0,541.0,460.0,82.0,90.0,154.0,1680.0,2504.0,2913.0,5703.0,5729.0,5865.0,6034.0,5440.0,4591.0,3913.0,2132.0,1939.0,723.0,787.0,504.0,373.0,456.0
8560.36,0.0,66.0,0.0,51.0,0.0,0.0,0.0,0.0,0.0,61.0,277.0,45.0,78.0,139.0,154.0,284.0,424.0,325.0,322.0,393.0,164.0,90.0,26.0,1177.0,1487.0,2045.0,3829.0,3743.0,5019.0,3512.0,3731.0,2177.0,2662.0,1783.0,1343.0,841.0,379.0,506.0,640.0,496.0
8629.64,0.0,0.0,0.0,152.0,0.0,101.0,0.0,0.0,36.0,66.0,53.0,85.0,64.0,66.0,169.0,110.0,123.0,297.0,139.0,179.0,145.0,94.0,61.0,463.0,1205.0,1642.0,1931.0,2772.0,3211.0,2314.0,2382.0,2350.0,1803.0,1282.0,839.0,696.0,663.0,716.0,255.0,244.0
8698.19,0.0,45.0,60.0,0.0,0.0,23.0,0.0,127.0,0.0,68.0,68.0,73.0,53.0,32.0,81.0,30.0,228.0,225.0,117.0,56.0,108.0,77.0,0.0,336.0,597.0,874.0,1085.0,1086.0,1736.0,1133.0,1168.0,1582.0,1372.0,605.0,696.0,499.0,294.0,282.0,104.0,297.0
8766.27,0.0,0.0,0.0,49.0,0.0,23.0,0.0,72.0,0.0,107.0,72.0,28.0,69.0,0.0,128.0,148.0,229.0,56.0,35.0,0.0,0.0,0.0,0.0,371.0,372.0,425.0,422.0,845.0,967.0,1265.0,695.0,1001.0,515.0,588.0,478.0,342.0,252.0,199.0,197.0,224.0
8833.84,0.0,0.0,22.0,0.0,0.0,0.0,0.0,0.0,97.0,70.0,60.0,22.0,170.0,0.0,115.0,157.0,76.0,167.0,36.0,59.0,0.0,0.0,0.0,19.0,194.0,468.0,127.0,349.0,649.0,620.0,440.0,402.0,763.0,309.0,366.0,249.0,0.0,0.0,59.0,133.0
8900.79,0.0,0.0,37.0,0.0,0.0,0.0,46.0,0.0,51.0,72.0,83.0,0.0,73.0,121.0,71.0,144.0,0.0,0.0,0.0,0.0,0.0,0.0,0.0,0.0,98.0,67.0,85.0,169.0,239.0,120.0,237.0,186.0,205.0,137.0,30.0,202.0,102.0,90.0,0.0,57.0
8967.29,0.0,25.0,50.0,0.0,0.0,0.0,41.0,34.0,0.0,0.0,26.0,0.0,120.0,140.0,0.0,105.0,0.0,132.0,44.0,51.0,0.0,0.0,0.0,98.0,21.0,29.0,24.0,59.0,123.0,104.0,211.0,62.0,115.0,36.0,22.0,50.0,0.0,84.0,23.0,97.0
9033.22,0.0,0.0,0.0,0.0,0.0,0.0,0.0,30.0,0.0,56.0,0.0,42.0,83.0,0.0,70.0,97.0,140.0,0.0,0.0,0.0,0.0,0.0,0.0,0.0,128.0,70.0,63.0,54.0,70.0,0.0,0.0,110.0,107.0,83.0,44.0,77.0,112.0,47.0,82.0,105.0
9098.65,0.0,0.0,0.0,27.0,0.0,0.0,0.0,0.0,0.0,35.0,38.0,0.0,0.0,38.0,46.0,107.0,92.0,0.0,0.0,0.0,0.0,0.0,33.0,20.0,45.0,0.0,30.0,133.0,0.0,124.0,51.0,0.0,144.0,200.0,128.0,43.0,110.0,22.0,42.0,45.0
9163.6,0.0,0.0,0.0,54.0,0.0,0.0,0.0,35.0,41.0,79.0,0.0,0.0,0.0,0.0,0.0,83.0,0.0,0.0,67.0,0.0,0.0,0.0,0.0,20.0,0.0,78.0,85.0,21.0,104.0,121.0,76.0,185.0,43.0,42.0,144.0,136.0,180.0,78.0,119.0,66.0
9228.04,0.0,0.0,0.0,0.0,0.0,0.0,0.0,0.0,0.0,0.0,38.0,0.0,80.0,0.0,25.0,73.0,0.0,58.0,174.0,35.0,0.0,0.0,0.0,19.0,77.0,96.0,0.0,79.0,41.0,155.0,53.0,0.0,62.0,106.0,122.0,116.0,181.0,0.0,132.0,270.0
9292.01,0.0,0.0,0.0,0.0,0.0,0.0,0.0,0.0,0.0,0.0,0.0,54.0,20.0,25.0,79.0,0.0,141.0,97.0,36.0,88.0,0.0,0.0,0.0,68.0,0.0,22.0,0.0,23.0,52.0,0.0,54.0,119.0,133.0,150.0,191.0,147.0,88.0,204.0,313.0,373.0
9355.59,0.0,0.0,0.0,0.0,23.0,0.0,0.0,0.0,49.0,0.0,51.0,34.0,0.0,0.0,39.0,0.0,74.0,35.0,0.0,0.0,0.0,0.0,0.0,24.0,27.0,94.0,40.0,95.0,49.0,92.0,40.0,71.0,203.0,203.0,91.0,279.0,261.0,430.0,204.0,317.0
9418.66,0.0,23.0,53.0,0.0,0.0,0.0,0.0,0.0,0.0,0.0,61.0,52.0,33.0,58.0,78.0,20.0,116.0,127.0,0.0,26.0,0.0,0.0,0.0,40.0,20.0,50.0,50.0,86.0,0.0,55.0,134.0,48.0,87.0,62.0,144.0,167.0,130.0,309.0,357.0,533.0
9481.47,0.0,0.0,0.0,0.0,0.0,0.0,0.0,0.0,85.0,0.0,92.0,58.0,0.0,47.0,53.0,162.0,130.0,50.0,0.0,23.0,0.0,0.0,0.0,22.0,23.0,48.0,29.0,70.0,0.0,0.0,119.0,85.0,99.0,88.0,235.0,22.0,41.0,130.0,234.0,188.0
9543.66,0.0,0.0,0.0,0.0,0.0,0.0,0.0,0.0,0.0,0.0,54.0,22.0,0.0,212.0,0.0,52.0,42.0,0.0,20.0,0.0,0.0,0.0,0.0,161.0,60.0,53.0,44.0,27.0,121.0,21.0,0.0,52.0,0.0,60.0,41.0,131.0,62.0,207.0,158.0,253.0
9605.5,44.0,0.0,0.0,72.0,0.0,0.0,0.0,0.0,0.0,0.0,0.0,0.0,57.0,42.0,26.0,53.0,25.0,109.0,0.0,0.0,48.0,20.0,0.0,88.0,77.0,50.0,80.0,79.0,0.0,72.0,30.0,20.0,87.0,203.0,94.0,22.0,49.0,20.0,286.0,129.0
9666.96,0.0,0.0,33.0,0.0,0.0,0.0,0.0,0.0,0.0,0.0,0.0,29.0,25.0,57.0,0.0,49.0,49.0,0.0,102.0,0.0,42.0,0.0,28.0,21.0,35.0,103.0,20.0,27.0,0.0,107.0,0.0,0.0,55.0,50.0,197.0,22.0,96.0,86.0,108.0,190.0
9727.98,0.0,0.0,58.0,0.0,0.0,0.0,30.0,0.0,0.0,0.0,61.0,124.0,0.0,106.0,199.0,64.0,75.0,0.0,0.0,0.0,0.0,0.0,0.0,0.0,59.0,0.0,184.0,80.0,85.0,20.0,19.0,32.0,105.0,38.0,31.0,46.0,162.0,22.0,106.0,110.0
9788.69,51.0,0.0,0.0,24.0,0.0,0.0,0.0,24.0,0.0,0.0,0.0,48.0,81.0,56.0,0.0,97.0,48.0,116.0,37.0,0.0,0.0,0.0,0.0,0.0,37.0,0.0,22.0,0.0,31.0,20.0,24.0,20.0,0.0,74.0,24.0,22.0,0.0,183.0,29.0,47.0
9848.94,0.0,49.0,0.0,0.0,0.0,0.0,0.0,0.0,55.0,24.0,35.0,113.0,0.0,34.0,86.0,0.0,61.0,0.0,25.0,0.0,0.0,0.0,0.0,62.0,0.0,0.0,0.0,0.0,24.0,22.0,24.0,0.0,0.0,35.0,24.0,20.0,19.0,22.0,19.0,25.0
9908.81,0.0,0.0,0.0,0.0,0.0,0.0,0.0,0.0,35.0,0.0,0.0,22.0,0.0,90.0,49.0,80.0,0.0,29.0,125.0,0.0,0.0,0.0,0.0,0.0,0.0,0.0,0.0,0.0,0.0,55.0,0.0,81.0,74.0,22.0,20.0,0.0,0.0,0.0,0.0,21.0
9968.35,0.0,0.0,0.0,0.0,0.0,0.0,0.0,0.0,63.0,31.0,88.0,0.0,0.0,26.0,100.0,0.0,140.0,0.0,0.0,0.0,0.0,0.0,0.0,0.0,0.0,0.0,0.0,37.0,31.0,0.0,0.0,0.0,0.0,22.0,0.0,41.0,0.0,32.0,24.0,20.0
10027.5,0.0,0.0,0.0,0.0,0.0,0.0,0.0,0.0,0.0,0.0,0.0,0.0,0.0,106.0,0.0,59.0,206.0,85.0,0.0,36.0,0.0,0.0,0.0,0.0,35.0,22.0,0.0,0.0,33.0,0.0,0.0,0.0,0.0,28.0,0.0,0.0,0.0,0.0,22.0,0.0
10086.4,0.0,0.0,0.0,0.0,19.0,0.0,0.0,0.0,0.0,24.0,79.0,127.0,82.0,30.0,86.0,0.0,51.0,51.0,0.0,0.0,74.0,0.0,0.0,0.0,0.0,0.0,22.0,20.0,0.0,40.0,70.0,27.0,20.0,0.0,0.0,0.0,0.0,38.0,0.0,0.0
10144.8,0.0,0.0,0.0,0.0,0.0,0.0,0.0,0.0,0.0,0.0,0.0,48.0,0.0,60.0,37.0,73.0,77.0,0.0,0.0,0.0,0.0,0.0,0.0,0.0,0.0,0.0,72.0,0.0,0.0,103.0,0.0,0.0,87.0,0.0,0.0,0.0,0.0,0.0,0.0,48.0
10202.9,0.0,0.0,0.0,0.0,0.0,0.0,77.0,30.0,0.0,0.0,0.0,31.0,78.0,105.0,105.0,0.0,60.0,84.0,0.0,0.0,0.0,0.0,0.0,110.0,30.0,0.0,0.0,20.0,0.0,0.0,0.0,22.0,0.0,0.0,0.0,0.0,0.0,0.0,0.0,0.0
10260.6,28.0,0.0,0.0,0.0,0.0,0.0,0.0,50.0,0.0,0.0,0.0,100.0,0.0,150.0,29.0,29.0,86.0,20.0,0.0,0.0,0.0,0.0,0.0,0.0,20.0,0.0,0.0,0.0,0.0,0.0,0.0,93.0,19.0,0.0,0.0,26.0,22.0,0.0,0.0,0.0
10318,0.0,0.0,0.0,0.0,0.0,21.0,0.0,134.0,0.0,0.0,51.0,61.0,23.0,75.0,0.0,96.0,0.0,75.0,0.0,0.0,0.0,0.0,0.0,34.0,0.0,0.0,0.0,0.0,57.0,0.0,0.0,0.0,0.0,77.0,0.0,0.0,0.0,29.0,0.0,0.0
10375,0.0,0.0,0.0,0.0,0.0,0.0,0.0,0.0,0.0,0.0,23.0,0.0,0.0,40.0,0.0,52.0,74.0,0.0,0.0,20.0,0.0,0.0,0.0,0.0,31.0,0.0,73.0,0.0,0.0,64.0,0.0,0.0,24.0,0.0,0.0,0.0,0.0,0.0,21.0,29.0
10431.9,0.0,30.0,0.0,0.0,118.0,0.0,0.0,0.0,0.0,0.0,29.0,0.0,48.0,28.0,104.0,99.0,53.0,79.0,0.0,0.0,0.0,0.0,0.0,0.0,0.0,0.0,0.0,0.0,0.0,32.0,43.0,0.0,0.0,0.0,23.0,0.0,0.0,0.0,20.0,0.0
10488.3,0.0,40.0,0.0,0.0,0.0,0.0,0.0,27.0,0.0,0.0,27.0,33.0,132.0,53.0,135.0,62.0,215.0,52.0,0.0,0.0,0.0,0.0,0.0,81.0,28.0,0.0,54.0,44.0,0.0,19.0,23.0,0.0,0.0,0.0,28.0,0.0,22.0,0.0,0.0,24.0
10544.6,0.0,0.0,56.0,33.0,0.0,37.0,0.0,0.0,0.0,39.0,33.0,29.0,50.0,65.0,39.0,0.0,113.0,0.0,0.0,27.0,0.0,0.0,0.0,52.0,0.0,0.0,0.0,0.0,25.0,0.0,0.0,0.0,0.0,42.0,0.0,26.0,49.0,57.0,47.0,81.0
10600.4,0.0,37.0,0.0,0.0,0.0,0.0,72.0,30.0,0.0,26.0,68.0,124.0,63.0,102.0,0.0,65.0,37.0,74.0,0.0,0.0,0.0,0.0,0.0,54.0,43.0,91.0,20.0,48.0,20.0,47.0,0.0,21.0,20.0,20.0,22.0,31.0,0.0,50.0,20.0,46.0
10656,0.0,0.0,0.0,0.0,0.0,41.0,76.0,0.0,0.0,42.0,63.0,48.0,35.0,168.0,0.0,0.0,54.0,72.0,0.0,0.0,0.0,0.0,0.0,68.0,20.0,22.0,0.0,78.0,75.0,21.0,0.0,0.0,0.0,43.0,43.0,55.0,44.0,168.0,135.0,80.0
10711.2,0.0,0.0,0.0,0.0,0.0,0.0,0.0,27.0,0.0,63.0,0.0,39.0,113.0,0.0,154.0,74.0,42.0,42.0,44.0,0.0,0.0,0.0,19.0,36.0,0.0,0.0,0.0,0.0,19.0,0.0,0.0,0.0,104.0,20.0,24.0,26.0,74.0,0.0,107.0,42.0
10766.1,0.0,0.0,0.0,0.0,0.0,0.0,0.0,0.0,40.0,0.0,0.0,24.0,22.0,105.0,0.0,192.0,137.0,39.0,0.0,27.0,0.0,0.0,0.0,53.0,51.0,23.0,23.0,21.0,41.0,45.0,40.0,20.0,0.0,0.0,20.0,28.0,58.0,76.0,87.0,241.0
10820.9,0.0,37.0,0.0,0.0,0.0,29.0,22.0,0.0,0.0,68.0,0.0,60.0,0.0,97.0,24.0,28.0,0.0,24.0,54.0,0.0,22.0,0.0,20.0,40.0,105.0,0.0,24.0,84.0,24.0,28.0,20.0,55.0,28.0,45.0,0.0,83.0,71.0,138.0,148.0,113.0
10875.4,0.0,0.0,0.0,0.0,0.0,0.0,0.0,0.0,30.0,50.0,48.0,0.0,26.0,38.0,0.0,99.0,143.0,23.0,0.0,0.0,0.0,0.0,0.0,96.0,44.0,148.0,30.0,22.0,67.0,51.0,26.0,20.0,20.0,28.0,39.0,91.0,22.0,131.0,83.0,311.0
10929.5,0.0,0.0,35.0,0.0,0.0,27.0,0.0,0.0,0.0,0.0,0.0,41.0,20.0,94.0,0.0,55.0,25.0,85.0,0.0,0.0,0.0,0.0,0.0,20.0,0.0,97.0,39.0,0.0,20.0,0.0,0.0,0.0,26.0,20.0,80.0,76.0,20.0,78.0,112.0,266.0
10983.3,0.0,0.0,0.0,0.0,0.0,0.0,0.0,33.0,0.0,0.0,0.0,0.0,27.0,20.0,0.0,25.0,37.0,62.0,20.0,0.0,0.0,0.0,0.0,0.0,64.0,60.0,77.0,40.0,24.0,49.0,22.0,40.0,22.0,20.0,41.0,79.0,24.0,174.0,206.0,250.0
11036.9,0.0,0.0,0.0,0.0,0.0,20.0,0.0,48.0,89.0,71.0,57.0,0.0,0.0,26.0,0.0,65.0,128.0,36.0,0.0,21.0,0.0,0.0,0.0,58.0,19.0,44.0,22.0,0.0,0.0,22.0,46.0,91.0,19.0,0.0,65.0,80.0,20.0,91.0,179.0,88.0
11090.3,0.0,0.0,0.0,26.0,0.0,0.0,0.0,0.0,0.0,0.0,0.0,0.0,0.0,38.0,64.0,0.0,90.0,0.0,68.0,0.0,0.0,0.0,0.0,54.0,40.0,73.0,0.0,43.0,89.0,54.0,0.0,0.0,24.0,0.0,0.0,51.0,0.0,51.0,140.0,167.0
11143.4,0.0,0.0,0.0,0.0,0.0,26.0,0.0,0.0,0.0,0.0,108.0,44.0,38.0,0.0,30.0,215.0,33.0,35.0,21.0,0.0,54.0,22.0,0.0,0.0,39.0,66.0,0.0,39.0,41.0,0.0,26.0,0.0,89.0,20.0,22.0,47.0,47.0,111.0,103.0,44.0
11196.2,0.0,0.0,0.0,0.0,0.0,0.0,0.0,0.0,0.0,98.0,0.0,0.0,31.0,33.0,90.0,35.0,151.0,96.0,0.0,22.0,0.0,0.0,0.0,24.0,0.0,44.0,0.0,56.0,78.0,63.0,50.0,24.0,22.0,0.0,63.0,20.0,44.0,44.0,150.0,52.0
11248.8,24.0,0.0,0.0,0.0,0.0,0.0,0.0,0.0,20.0,44.0,125.0,0.0,0.0,0.0,29.0,102.0,28.0,0.0,0.0,0.0,0.0,0.0,0.0,84.0,0.0,43.0,0.0,0.0,0.0,24.0,0.0,26.0,60.0,0.0,0.0,24.0,44.0,0.0,68.0,45.0
11301.1,0.0,0.0,0.0,0.0,0.0,0.0,0.0,0.0,0.0,0.0,0.0,80.0,23.0,98.0,70.0,135.0,20.0,69.0,0.0,47.0,0.0,0.0,0.0,20.0,0.0,0.0,0.0,0.0,20.0,0.0,0.0,19.0,0.0,0.0,0.0,53.0,0.0,24.0,0.0,66.0
11353.2,0.0,0.0,0.0,0.0,0.0,0.0,0.0,43.0,100.0,0.0,0.0,0.0,38.0,0.0,40.0,43.0,0.0,74.0,0.0,0.0,0.0,0.0,0.0,40.0,0.0,215.0,24.0,0.0,0.0,0.0,0.0,0.0,0.0,20.0,83.0,0.0,22.0,0.0,47.0,0.0
11405.1,0.0,0.0,0.0,44.0,47.0,0.0,0.0,0.0,0.0,21.0,83.0,42.0,0.0,27.0,37.0,45.0,37.0,0.0,39.0,0.0,0.0,0.0,0.0,0.0,0.0,0.0,20.0,0.0,0.0,0.0,22.0,0.0,0.0,70.0,0.0,0.0,0.0,0.0,0.0,26.0
11456.7,47.0,0.0,0.0,0.0,20.0,0.0,48.0,34.0,0.0,37.0,20.0,32.0,44.0,37.0,0.0,193.0,61.0,152.0,0.0,0.0,0.0,0.0,0.0,0.0,0.0,0.0,75.0,0.0,0.0,0.0,0.0,0.0,0.0,0.0,29.0,0.0,0.0,21.0,26.0,42.0
11508,0.0,22.0,0.0,0.0,0.0,0.0,0.0,33.0,0.0,0.0,34.0,0.0,61.0,47.0,0.0,55.0,83.0,45.0,0.0,0.0,0.0,0.0,0.0,20.0,0.0,0.0,25.0,0.0,21.0,0.0,0.0,0.0,0.0,0.0,0.0,0.0,0.0,0.0,20.0,28.0
11559,0.0,61.0,54.0,0.0,0.0,0.0,0.0,0.0,0.0,73.0,94.0,67.0,0.0,68.0,0.0,0.0,80.0,26.0,0.0,0.0,0.0,0.0,0.0,0.0,0.0,25.0,0.0,22.0,0.0,0.0,0.0,0.0,0.0,0.0,0.0,0.0,0.0,0.0,25.0,0.0
11610,0.0,69.0,0.0,0.0,0.0,0.0,0.0,24.0,0.0,32.0,68.0,0.0,0.0,0.0,0.0,48.0,41.0,25.0,0.0,0.0,20.0,0.0,0.0,23.0,0.0,33.0,0.0,0.0,0.0,0.0,0.0,0.0,60.0,0.0,0.0,0.0,0.0,0.0,0.0,0.0
11660.5,39.0,0.0,0.0,0.0,0.0,0.0,0.0,0.0,48.0,0.0,0.0,62.0,251.0,28.0,32.0,0.0,22.0,0.0,0.0,0.0,0.0,0.0,0.0,0.0,0.0,0.0,0.0,0.0,0.0,0.0,0.0,0.0,50.0,0.0,0.0,0.0,0.0,0.0,20.0,24.0
11711,0.0,0.0,20.0,0.0,24.0,0.0,0.0,0.0,0.0,41.0,279.0,48.0,61.0,0.0,103.0,43.0,48.0,0.0,0.0,0.0,0.0,0.0,0.0,0.0,59.0,0.0,0.0,34.0,24.0,0.0,0.0,0.0,0.0,0.0,0.0,0.0,0.0,20.0,0.0,0.0
11761.3,61.0,0.0,0.0,0.0,0.0,33.0,0.0,0.0,0.0,0.0,22.0,0.0,53.0,38.0,184.0,31.0,135.0,92.0,29.0,0.0,0.0,0.0,0.0,0.0,27.0,0.0,0.0,0.0,0.0,0.0,0.0,0.0,0.0,0.0,0.0,0.0,21.0,0.0,20.0,0.0
11811.3,0.0,0.0,0.0,0.0,0.0,0.0,0.0,0.0,0.0,89.0,48.0,45.0,0.0,22.0,0.0,79.0,0.0,32.0,0.0,20.0,0.0,0.0,0.0,21.0,0.0,23.0,0.0,40.0,0.0,0.0,0.0,0.0,0.0,0.0,0.0,0.0,0.0,0.0,0.0,20.0
11861.1,0.0,0.0,0.0,0.0,22.0,0.0,0.0,0.0,27.0,0.0,0.0,79.0,21.0,0.0,32.0,0.0,20.0,39.0,0.0,0.0,0.0,0.0,0.0,0.0,0.0,0.0,0.0,88.0,0.0,31.0,0.0,0.0,0.0,0.0,0.0,0.0,22.0,0.0,0.0,0.0
11910.7,0.0,0.0,24.0,0.0,0.0,0.0,31.0,0.0,0.0,21.0,40.0,68.0,32.0,42.0,56.0,76.0,0.0,0.0,0.0,0.0,0.0,0.0,0.0,0.0,19.0,0.0,0.0,67.0,0.0,0.0,0.0,0.0,0.0,0.0,0.0,0.0,0.0,0.0,0.0,0.0
11960.1,0.0,0.0,0.0,23.0,0.0,0.0,0.0,0.0,0.0,0.0,28.0,54.0,22.0,20.0,70.0,69.0,58.0,0.0,0.0,0.0,0.0,0.0,0.0,0.0,0.0,45.0,0.0,0.0,0.0,0.0,39.0,57.0,0.0,0.0,25.0,0.0,0.0,0.0,0.0,27.0
12009.3,0.0,0.0,0.0,0.0,0.0,0.0,0.0,0.0,0.0,0.0,33.0,77.0,0.0,47.0,206.0,94.0,0.0,0.0,0.0,0.0,0.0,0.0,0.0,0.0,0.0,37.0,0.0,0.0,0.0,0.0,0.0,0.0,0.0,0.0,0.0,0.0,0.0,0.0,0.0,0.0
12058.3,0.0,0.0,75.0,24.0,0.0,0.0,0.0,0.0,0.0,86.0,212.0,30.0,74.0,0.0,120.0,118.0,0.0,102.0,0.0,0.0,0.0,0.0,0.0,0.0,0.0,0.0,0.0,0.0,0.0,0.0,0.0,0.0,0.0,0.0,0.0,0.0,0.0,0.0,0.0,0.0
12107.2,0.0,0.0,127.0,0.0,0.0,0.0,0.0,0.0,0.0,72.0,0.0,0.0,51.0,42.0,101.0,0.0,0.0,0.0,20.0,0.0,0.0,0.0,0.0,0.0,68.0,0.0,0.0,0.0,0.0,0.0,0.0,0.0,0.0,20.0,0.0,0.0,0.0,0.0,0.0,0.0
12155.7,0.0,0.0,0.0,0.0,0.0,0.0,0.0,0.0,53.0,0.0,33.0,97.0,33.0,0.0,38.0,88.0,183.0,31.0,0.0,0.0,0.0,0.0,0.0,25.0,0.0,0.0,0.0,0.0,0.0,0.0,0.0,0.0,0.0,0.0,0.0,0.0,0.0,0.0,20.0,0.0
12204.1,0.0,45.0,25.0,0.0,0.0,97.0,32.0,0.0,0.0,0.0,0.0,0.0,0.0,30.0,35.0,59.0,93.0,143.0,0.0,0.0,0.0,0.0,0.0,0.0,43.0,0.0,0.0,51.0,0.0,20.0,0.0,0.0,0.0,0.0,0.0,0.0,0.0,0.0,0.0,0.0
12252.2,0.0,0.0,0.0,0.0,0.0,0.0,0.0,70.0,40.0,42.0,26.0,0.0,0.0,0.0,99.0,86.0,85.0,0.0,0.0,0.0,0.0,0.0,0.0,0.0,0.0,0.0,85.0,0.0,0.0,0.0,0.0,0.0,0.0,0.0,0.0,0.0,0.0,0.0,0.0,0.0
12300.2,0.0,0.0,0.0,0.0,0.0,0.0,0.0,0.0,50.0,37.0,0.0,34.0,187.0,0.0,124.0,51.0,0.0,23.0,0.0,0.0,0.0,0.0,0.0,0.0,0.0,0.0,0.0,0.0,0.0,0.0,0.0,0.0,0.0,0.0,0.0,0.0,0.0,0.0,0.0,0.0
12348,0.0,0.0,0.0,47.0,0.0,0.0,38.0,0.0,0.0,0.0,0.0,0.0,79.0,0.0,0.0,45.0,20.0,57.0,0.0,0.0,0.0,0.0,0.0,0.0,0.0,0.0,0.0,0.0,0.0,0.0,0.0,0.0,0.0,0.0,0.0,0.0,0.0,0.0,0.0,0.0
12395.6,0.0,0.0,0.0,51.0,0.0,0.0,0.0,0.0,0.0,0.0,43.0,36.0,120.0,136.0,20.0,41.0,20.0,0.0,0.0,0.0,0.0,0.0,0.0,0.0,0.0,0.0,0.0,43.0,0.0,0.0,37.0,0.0,0.0,0.0,0.0,0.0,0.0,0.0,0.0,0.0
12443,0.0,0.0,55.0,0.0,0.0,0.0,0.0,0.0,0.0,47.0,148.0,78.0,102.0,107.0,43.0,0.0,61.0,80.0,0.0,0.0,0.0,0.0,0.0,0.0,0.0,0.0,0.0,0.0,45.0,22.0,0.0,0.0,0.0,0.0,0.0,0.0,0.0,0.0,0.0,0.0
12490.2,0.0,0.0,0.0,0.0,0.0,0.0,0.0,0.0,0.0,58.0,0.0,25.0,0.0,0.0,0.0,119.0,185.0,41.0,0.0,0.0,0.0,0.0,0.0,0.0,0.0,0.0,0.0,0.0,0.0,0.0,0.0,0.0,0.0,0.0,0.0,0.0,0.0,0.0,0.0,0.0
12537.4,0.0,0.0,0.0,0.0,0.0,0.0,0.0,0.0,0.0,0.0,130.0,0.0,90.0,35.0,22.0,117.0,85.0,23.0,20.0,0.0,0.0,0.0,0.0,46.0,0.0,0.0,0.0,0.0,0.0,0.0,0.0,0.0,0.0,0.0,0.0,0.0,0.0,0.0,0.0,0.0
12584.3,0.0,0.0,0.0,0.0,0.0,0.0,0.0,0.0,0.0,0.0,0.0,123.0,28.0,0.0,23.0,100.0,20.0,0.0,0.0,0.0,0.0,0.0,0.0,75.0,66.0,62.0,51.0,40.0,0.0,0.0,0.0,0.0,0.0,0.0,0.0,0.0,0.0,0.0,0.0,21.0
12631.1,0.0,0.0,0.0,31.0,0.0,0.0,0.0,0.0,37.0,0.0,122.0,54.0,0.0,38.0,0.0,35.0,61.0,49.0,0.0,0.0,0.0,0.0,0.0,0.0,0.0,0.0,0.0,0.0,0.0,0.0,0.0,0.0,0.0,0.0,0.0,0.0,0.0,0.0,0.0,0.0
12677.7,0.0,0.0,42.0,0.0,33.0,28.0,0.0,0.0,0.0,0.0,81.0,64.0,0.0,53.0,24.0,108.0,0.0,42.0,0.0,0.0,0.0,0.0,0.0,0.0,0.0,0.0,0.0,0.0,20.0,114.0,0.0,0.0,0.0,0.0,0.0,0.0,0.0,0.0,0.0,0.0
12724.1,0.0,0.0,0.0,0.0,0.0,0.0,0.0,0.0,0.0,0.0,107.0,68.0,55.0,60.0,68.0,0.0,24.0,0.0,0.0,0.0,0.0,0.0,0.0,68.0,0.0,82.0,0.0,0.0,23.0,0.0,0.0,0.0,0.0,0.0,0.0,0.0,0.0,0.0,0.0,0.0
12770.3,0.0,0.0,0.0,0.0,0.0,0.0,0.0,0.0,0.0,0.0,0.0,40.0,25.0,0.0,98.0,0.0,44.0,0.0,0.0,0.0,0.0,0.0,0.0,0.0,20.0,0.0,0.0,0.0,0.0,0.0,0.0,0.0,0.0,0.0,0.0,0.0,0.0,0.0,0.0,0.0
12816.3,0.0,0.0,0.0,0.0,0.0,0.0,0.0,20.0,0.0,23.0,0.0,112.0,0.0,248.0,0.0,169.0,75.0,115.0,29.0,0.0,0.0,0.0,0.0,0.0,0.0,0.0,0.0,0.0,71.0,0.0,0.0,0.0,0.0,0.0,0.0,0.0,0.0,0.0,22.0,0.0
12862.2,0.0,33.0,0.0,0.0,0.0,41.0,37.0,0.0,36.0,0.0,86.0,84.0,54.0,42.0,33.0,0.0,21.0,0.0,0.0,0.0,0.0,0.0,0.0,0.0,0.0,0.0,0.0,0.0,56.0,0.0,28.0,0.0,0.0,0.0,0.0,0.0,0.0,0.0,0.0,0.0
12908,0.0,0.0,0.0,0.0,33.0,0.0,29.0,34.0,20.0,29.0,0.0,49.0,32.0,132.0,0.0,94.0,42.0,30.0,0.0,0.0,0.0,0.0,0.0,50.0,0.0,0.0,0.0,0.0,0.0,0.0,0.0,0.0,0.0,0.0,0.0,0.0,0.0,0.0,0.0,0.0
12953.5,0.0,39.0,0.0,0.0,0.0,0.0,0.0,42.0,0.0,33.0,0.0,48.0,27.0,52.0,66.0,0.0,135.0,126.0,0.0,0.0,0.0,0.0,0.0,0.0,0.0,0.0,0.0,0.0,65.0,0.0,0.0,0.0,0.0,0.0,0.0,0.0,0.0,0.0,0.0,0.0
12998.9,0.0,0.0,0.0,0.0,0.0,0.0,0.0,25.0,0.0,0.0,0.0,33.0,0.0,52.0,0.0,30.0,127.0,0.0,0.0,32.0,0.0,0.0,0.0,0.0,0.0,0.0,0.0,0.0,0.0,0.0,0.0,0.0,0.0,0.0,0.0,39.0,0.0,0.0,0.0,0.0
13044.2,0.0,0.0,0.0,0.0,41.0,0.0,0.0,0.0,25.0,53.0,0.0,22.0,0.0,0.0,30.0,97.0,79.0,69.0,0.0,0.0,0.0,0.0,0.0,70.0,34.0,0.0,0.0,0.0,0.0,0.0,0.0,0.0,0.0,0.0,0.0,0.0,0.0,0.0,0.0,0.0
13089.3,0.0,0.0,0.0,0.0,42.0,0.0,43.0,0.0,0.0,0.0,55.0,68.0,90.0,0.0,0.0,114.0,50.0,179.0,0.0,0.0,0.0,0.0,0.0,0.0,38.0,0.0,0.0,0.0,0.0,0.0,0.0,0.0,0.0,0.0,0.0,0.0,0.0,0.0,0.0,0.0
13134.1,0.0,0.0,27.0,0.0,0.0,0.0,0.0,24.0,25.0,0.0,22.0,26.0,0.0,93.0,56.0,0.0,77.0,0.0,0.0,0.0,0.0,20.0,0.0,0.0,43.0,0.0,0.0,0.0,0.0,52.0,0.0,0.0,0.0,0.0,0.0,0.0,0.0,0.0,0.0,0.0
13178.8,0.0,0.0,0.0,0.0,0.0,0.0,24.0,26.0,107.0,0.0,0.0,65.0,109.0,0.0,29.0,99.0,181.0,62.0,0.0,0.0,0.0,0.0,0.0,0.0,0.0,0.0,47.0,0.0,0.0,0.0,0.0,0.0,0.0,23.0,0.0,0.0,0.0,0.0,0.0,0.0
13223.4,22.0,0.0,0.0,0.0,0.0,0.0,0.0,0.0,0.0,0.0,0.0,30.0,0.0,170.0,0.0,0.0,0.0,0.0,0.0,0.0,0.0,0.0,0.0,0.0,22.0,20.0,0.0,0.0,0.0,19.0,0.0,0.0,0.0,0.0,0.0,0.0,0.0,0.0,0.0,45.0
13267.9,0.0,40.0,0.0,0.0,0.0,0.0,0.0,55.0,34.0,106.0,48.0,177.0,0.0,99.0,0.0,65.0,0.0,0.0,0.0,0.0,0.0,0.0,0.0,0.0,0.0,0.0,0.0,46.0,0.0,20.0,0.0,0.0,0.0,0.0,0.0,0.0,0.0,0.0,0.0,0.0
13312.1,0.0,24.0,0.0,0.0,0.0,0.0,0.0,0.0,0.0,0.0,20.0,0.0,146.0,0.0,0.0,0.0,47.0,21.0,0.0,0.0,0.0,0.0,0.0,0.0,36.0,0.0,0.0,0.0,40.0,0.0,0.0,0.0,0.0,0.0,0.0,0.0,0.0,0.0,0.0,19.0
13356.3,0.0,0.0,0.0,95.0,0.0,0.0,0.0,0.0,0.0,0.0,0.0,0.0,0.0,24.0,0.0,0.0,0.0,0.0,0.0,110.0,0.0,66.0,0.0,48.0,22.0,0.0,31.0,0.0,0.0,0.0,0.0,0.0,0.0,21.0,0.0,0.0,0.0,0.0,0.0,26.0
13400.3,0.0,0.0,0.0,0.0,0.0,0.0,0.0,0.0,34.0,0.0,41.0,0.0,0.0,85.0,0.0,82.0,112.0,41.0,0.0,0.0,0.0,0.0,0.0,0.0,20.0,0.0,0.0,0.0,0.0,26.0,0.0,0.0,0.0,0.0,0.0,0.0,0.0,0.0,0.0,21.0
13444.2,0.0,0.0,0.0,0.0,0.0,0.0,0.0,73.0,0.0,0.0,0.0,0.0,0.0,0.0,55.0,0.0,0.0,0.0,62.0,0.0,0.0,0.0,0.0,0.0,0.0,56.0,0.0,0.0,0.0,0.0,0.0,0.0,0.0,0.0,0.0,0.0,0.0,0.0,0.0,0.0
13487.9,0.0,0.0,0.0,0.0,0.0,0.0,0.0,0.0,0.0,19.0,0.0,0.0,0.0,265.0,0.0,0.0,43.0,0.0,0.0,0.0,0.0,0.0,0.0,0.0,0.0,0.0,0.0,0.0,0.0,60.0,0.0,0.0,0.0,0.0,0.0,0.0,0.0,20.0,22.0,0.0
13531.5,0.0,0.0,0.0,28.0,20.0,79.0,0.0,0.0,0.0,0.0,49.0,0.0,0.0,30.0,71.0,62.0,120.0,125.0,0.0,0.0,0.0,0.0,0.0,0.0,20.0,22.0,0.0,56.0,0.0,0.0,22.0,0.0,0.0,0.0,23.0,0.0,0.0,0.0,0.0,20.0
13574.9,0.0,0.0,0.0,0.0,0.0,0.0,0.0,90.0,34.0,0.0,68.0,45.0,0.0,55.0,45.0,0.0,118.0,173.0,22.0,25.0,0.0,0.0,0.0,0.0,0.0,0.0,0.0,0.0,0.0,0.0,0.0,0.0,0.0,0.0,0.0,21.0,0.0,0.0,0.0,19.0
13618.2,0.0,45.0,0.0,0.0,0.0,0.0,0.0,0.0,0.0,0.0,73.0,81.0,20.0,86.0,134.0,54.0,0.0,43.0,66.0,20.0,0.0,0.0,0.0,0.0,0.0,87.0,0.0,0.0,22.0,24.0,0.0,0.0,0.0,0.0,0.0,0.0,0.0,0.0,0.0,20.0
13661.3,0.0,0.0,0.0,24.0,0.0,0.0,0.0,0.0,0.0,0.0,20.0,140.0,70.0,0.0,86.0,42.0,66.0,0.0,0.0,25.0,0.0,0.0,0.0,0.0,0.0,0.0,0.0,0.0,0.0,0.0,0.0,0.0,0.0,0.0,0.0,19.0,0.0,0.0,20.0,33.0
13704.3,0.0,0.0,0.0,0.0,0.0,0.0,0.0,0.0,0.0,26.0,36.0,0.0,94.0,0.0,95.0,40.0,0.0,0.0,0.0,0.0,0.0,0.0,0.0,0.0,0.0,22.0,0.0,0.0,0.0,0.0,0.0,0.0,0.0,0.0,0.0,0.0,0.0,0.0,0.0,0.0
13747.2,0.0,0.0,0.0,60.0,0.0,23.0,0.0,0.0,0.0,86.0,75.0,106.0,0.0,0.0,19.0,122.0,0.0,0.0,26.0,20.0,0.0,0.0,0.0,0.0,48.0,0.0,45.0,52.0,0.0,0.0,0.0,0.0,26.0,0.0,0.0,0.0,0.0,0.0,19.0,0.0
13790,0.0,35.0,0.0,0.0,0.0,0.0,0.0,0.0,63.0,0.0,0.0,32.0,0.0,85.0,55.0,48.0,0.0,0.0,0.0,0.0,0.0,0.0,20.0,72.0,0.0,0.0,22.0,25.0,0.0,0.0,0.0,20.0,0.0,0.0,42.0,0.0,0.0,0.0,0.0,0.0
13832.6,0.0,0.0,0.0,0.0,0.0,0.0,34.0,31.0,0.0,36.0,0.0,0.0,80.0,0.0,0.0,159.0,142.0,128.0,0.0,29.0,0.0,0.0,0.0,0.0,0.0,0.0,0.0,28.0,0.0,0.0,0.0,0.0,0.0,20.0,0.0,0.0,0.0,37.0,0.0,20.0
13875.1,0.0,0.0,0.0,0.0,0.0,0.0,0.0,0.0,0.0,75.0,0.0,24.0,0.0,0.0,62.0,125.0,94.0,0.0,0.0,0.0,0.0,0.0,0.0,0.0,0.0,0.0,20.0,0.0,0.0,0.0,22.0,20.0,0.0,0.0,0.0,22.0,0.0,0.0,33.0,20.0
13917.4,0.0,0.0,0.0,0.0,0.0,0.0,0.0,41.0,0.0,54.0,100.0,0.0,0.0,109.0,20.0,59.0,40.0,0.0,0.0,0.0,0.0,0.0,0.0,0.0,0.0,35.0,0.0,25.0,0.0,41.0,0.0,0.0,0.0,0.0,0.0,0.0,0.0,0.0,0.0,0.0
13959.6,0.0,0.0,0.0,0.0,48.0,30.0,36.0,29.0,40.0,27.0,39.0,54.0,0.0,78.0,80.0,144.0,35.0,0.0,42.0,44.0,0.0,0.0,0.0,22.0,0.0,0.0,20.0,0.0,0.0,0.0,0.0,0.0,20.0,0.0,24.0,40.0,0.0,0.0,0.0,0.0
14001.7,0.0,0.0,0.0,40.0,0.0,0.0,0.0,0.0,0.0,0.0,98.0,0.0,0.0,0.0,71.0,0.0,36.0,55.0,49.0,0.0,0.0,0.0,0.0,0.0,43.0,0.0,0.0,20.0,27.0,0.0,0.0,0.0,0.0,0.0,0.0,24.0,0.0,0.0,34.0,22.0
14043.7,0.0,0.0,0.0,0.0,0.0,0.0,0.0,0.0,0.0,81.0,0.0,69.0,44.0,0.0,32.0,28.0,97.0,0.0,0.0,0.0,0.0,0.0,0.0,20.0,20.0,0.0,0.0,19.0,0.0,0.0,0.0,42.0,0.0,0.0,0.0,132.0,0.0,0.0,20.0,19.0
14085.6,33.0,0.0,31.0,33.0,0.0,0.0,0.0,0.0,27.0,86.0,55.0,40.0,0.0,52.0,0.0,43.0,80.0,24.0,58.0,0.0,0.0,0.0,0.0,22.0,22.0,20.0,22.0,48.0,0.0,0.0,0.0,0.0,0.0,0.0,0.0,0.0,0.0,0.0,78.0,0.0
14127.2,0.0,0.0,0.0,0.0,0.0,0.0,59.0,0.0,65.0,0.0,63.0,22.0,0.0,65.0,72.0,189.0,62.0,0.0,76.0,0.0,0.0,0.0,0.0,0.0,0.0,0.0,0.0,0.0,69.0,0.0,0.0,0.0,45.0,0.0,27.0,20.0,0.0,0.0,44.0,0.0
14169,74.0,0.0,0.0,0.0,0.0,0.0,0.0,0.0,0.0,0.0,0.0,0.0,0.0,0.0,0.0,0.0,19.0,0.0,0.0,0.0,0.0,0.0,0.0,0.0,0.0,0.0,0.0,0.0,19.0,20.0,0.0,27.0,0.0,0.0,0.0,0.0,19.0,0.0,0.0,0.0
14210.4,0.0,20.0,0.0,20.0,0.0,0.0,24.0,0.0,0.0,0.0,0.0,0.0,0.0,0.0,120.0,0.0,65.0,42.0,20.0,20.0,0.0,0.0,0.0,0.0,0.0,0.0,0.0,0.0,0.0,27.0,20.0,25.0,0.0,0.0,0.0,0.0,0.0,0.0,0.0,19.0
14251.7,0.0,0.0,0.0,0.0,0.0,0.0,0.0,0.0,31.0,28.0,173.0,0.0,80.0,0.0,28.0,79.0,60.0,23.0,0.0,0.0,40.0,0.0,0.0,46.0,0.0,0.0,0.0,0.0,0.0,0.0,0.0,0.0,0.0,20.0,0.0,0.0,20.0,22.0,0.0,27.0
14293,0.0,0.0,0.0,0.0,36.0,0.0,0.0,0.0,0.0,49.0,51.0,0.0,0.0,0.0,117.0,46.0,28.0,56.0,0.0,0.0,22.0,0.0,0.0,46.0,43.0,59.0,0.0,0.0,27.0,0.0,20.0,0.0,0.0,0.0,0.0,0.0,0.0,0.0,0.0,0.0
14334.1,0.0,0.0,0.0,0.0,0.0,0.0,0.0,56.0,0.0,0.0,0.0,53.0,0.0,62.0,0.0,0.0,0.0,125.0,0.0,44.0,72.0,0.0,0.0,0.0,0.0,0.0,0.0,0.0,0.0,0.0,0.0,0.0,0.0,0.0,0.0,0.0,0.0,0.0,0.0,0.0
14375.1,0.0,0.0,0.0,28.0,0.0,0.0,24.0,0.0,0.0,33.0,40.0,0.0,31.0,0.0,0.0,48.0,49.0,55.0,0.0,0.0,0.0,0.0,0.0,0.0,39.0,0.0,0.0,0.0,0.0,0.0,0.0,0.0,46.0,0.0,0.0,0.0,0.0,20.0,0.0,20.0
14416,0.0,0.0,0.0,0.0,0.0,0.0,0.0,0.0,27.0,0.0,24.0,246.0,22.0,78.0,47.0,62.0,206.0,30.0,24.0,35.0,24.0,0.0,0.0,0.0,0.0,0.0,64.0,0.0,0.0,0.0,56.0,0.0,0.0,0.0,0.0,0.0,0.0,0.0,0.0,0.0
14456.8,0.0,47.0,0.0,0.0,0.0,0.0,0.0,0.0,60.0,28.0,20.0,132.0,49.0,0.0,119.0,0.0,110.0,24.0,0.0,22.0,41.0,0.0,0.0,0.0,19.0,0.0,0.0,0.0,0.0,0.0,0.0,0.0,0.0,0.0,0.0,0.0,0.0,0.0,34.0,0.0
14497.4,0.0,0.0,27.0,0.0,0.0,0.0,0.0,0.0,29.0,148.0,33.0,0.0,0.0,37.0,89.0,56.0,0.0,0.0,0.0,0.0,0.0,29.0,0.0,0.0,0.0,45.0,0.0,0.0,0.0,29.0,0.0,0.0,0.0,0.0,0.0,0.0,45.0,0.0,0.0,0.0
14537.9,0.0,0.0,30.0,0.0,0.0,41.0,0.0,0.0,0.0,0.0,0.0,0.0,0.0,81.0,96.0,0.0,107.0,26.0,0.0,0.0,36.0,0.0,0.0,0.0,0.0,0.0,0.0,0.0,36.0,0.0,0.0,0.0,0.0,88.0,23.0,0.0,22.0,0.0,22.0,20.0
14578.3,0.0,48.0,0.0,0.0,0.0,0.0,0.0,0.0,0.0,0.0,0.0,46.0,63.0,0.0,51.0,0.0,52.0,83.0,0.0,0.0,0.0,0.0,0.0,0.0,44.0,0.0,0.0,0.0,0.0,0.0,0.0,0.0,0.0,0.0,0.0,0.0,0.0,0.0,0.0,0.0
14618.7,0.0,29.0,0.0,0.0,0.0,0.0,0.0,0.0,0.0,0.0,20.0,0.0,36.0,40.0,175.0,0.0,33.0,0.0,0.0,0.0,0.0,0.0,0.0,0.0,0.0,0.0,0.0,0.0,0.0,0.0,0.0,0.0,0.0,0.0,0.0,0.0,0.0,0.0,0.0,24.0
14658.9,0.0,0.0,0.0,0.0,19.0,0.0,38.0,0.0,0.0,0.0,0.0,20.0,0.0,0.0,106.0,0.0,0.0,31.0,0.0,0.0,21.0,0.0,0.0,0.0,0.0,0.0,0.0,0.0,0.0,0.0,0.0,0.0,0.0,0.0,0.0,0.0,0.0,0.0,0.0,0.0
14699,0.0,0.0,0.0,0.0,0.0,36.0,0.0,0.0,0.0,0.0,0.0,0.0,0.0,86.0,0.0,55.0,30.0,0.0,0.0,88.0,0.0,0.0,0.0,0.0,0.0,0.0,0.0,0.0,0.0,0.0,0.0,0.0,0.0,0.0,22.0,0.0,0.0,0.0,0.0,0.0
14739,0.0,0.0,0.0,0.0,0.0,0.0,0.0,0.0,0.0,42.0,0.0,27.0,28.0,129.0,0.0,19.0,106.0,62.0,0.0,0.0,0.0,0.0,0.0,0.0,44.0,0.0,0.0,0.0,0.0,0.0,0.0,0.0,0.0,0.0,0.0,0.0,0.0,0.0,0.0,0.0
14778.8,0.0,0.0,0.0,62.0,0.0,0.0,0.0,28.0,0.0,0.0,0.0,0.0,0.0,62.0,34.0,0.0,38.0,0.0,0.0,0.0,0.0,0.0,0.0,0.0,0.0,0.0,0.0,0.0,0.0,0.0,0.0,0.0,0.0,0.0,0.0,0.0,0.0,0.0,0.0,0.0
14818.6,0.0,0.0,34.0,53.0,0.0,0.0,0.0,49.0,0.0,0.0,39.0,48.0,0.0,50.0,34.0,0.0,62.0,0.0,0.0,0.0,0.0,0.0,0.0,0.0,0.0,0.0,0.0,42.0,0.0,0.0,0.0,0.0,0.0,0.0,0.0,0.0,0.0,0.0,0.0,0.0
14858.3,0.0,0.0,0.0,0.0,0.0,0.0,0.0,0.0,0.0,0.0,0.0,20.0,80.0,24.0,132.0,38.0,80.0,0.0,0.0,0.0,0.0,0.0,0.0,0.0,0.0,0.0,0.0,0.0,0.0,0.0,0.0,0.0,0.0,0.0,0.0,0.0,0.0,0.0,0.0,0.0
14897.7,24.0,0.0,44.0,0.0,0.0,0.0,0.0,0.0,0.0,37.0,0.0,61.0,0.0,0.0,84.0,50.0,68.0,0.0,0.0,0.0,0.0,0.0,0.0,0.0,31.0,32.0,29.0,0.0,0.0,0.0,0.0,0.0,0.0,0.0,0.0,0.0,0.0,0.0,0.0,0.0
14937.2,0.0,0.0,0.0,0.0,0.0,0.0,0.0,0.0,0.0,0.0,0.0,26.0,20.0,44.0,85.0,37.0,80.0,98.0,0.0,0.0,0.0,0.0,0.0,0.0,0.0,0.0,0.0,0.0,0.0,0.0,0.0,0.0,0.0,0.0,0.0,34.0,0.0,0.0,0.0,0.0
14976.5,0.0,0.0,66.0,0.0,0.0,0.0,0.0,0.0,0.0,37.0,0.0,77.0,33.0,41.0,20.0,153.0,27.0,34.0,0.0,0.0,0.0,0.0,0.0,0.0,72.0,58.0,0.0,0.0,0.0,0.0,0.0,0.0,0.0,0.0,0.0,0.0,0.0,0.0,0.0,0.0
15015.9,0.0,0.0,42.0,0.0,0.0,0.0,52.0,0.0,0.0,0.0,0.0,133.0,0.0,67.0,0.0,97.0,60.0,0.0,0.0,0.0,0.0,0.0,0.0,0.0,0.0,0.0,0.0,0.0,0.0,0.0,0.0,0.0,52.0,0.0,0.0,0.0,0.0,0.0,0.0,0.0
15055,0.0,0.0,0.0,0.0,0.0,0.0,0.0,0.0,0.0,0.0,60.0,24.0,112.0,61.0,20.0,42.0,0.0,0.0,0.0,0.0,0.0,0.0,0.0,33.0,0.0,35.0,0.0,0.0,0.0,0.0,0.0,0.0,0.0,0.0,0.0,0.0,0.0,0.0,0.0,0.0
15094,0.0,0.0,0.0,0.0,0.0,0.0,0.0,0.0,0.0,0.0,0.0,25.0,109.0,43.0,42.0,308.0,40.0,0.0,0.0,0.0,0.0,0.0,0.0,0.0,0.0,0.0,0.0,32.0,0.0,27.0,0.0,0.0,0.0,0.0,0.0,0.0,0.0,0.0,0.0,25.0
15132.9,0.0,0.0,0.0,0.0,0.0,0.0,88.0,0.0,0.0,19.0,0.0,0.0,0.0,64.0,125.0,79.0,77.0,0.0,0.0,0.0,0.0,0.0,0.0,0.0,0.0,64.0,0.0,0.0,0.0,0.0,0.0,32.0,0.0,0.0,0.0,0.0,0.0,0.0,0.0,0.0
15171.8,0.0,0.0,67.0,0.0,0.0,0.0,37.0,0.0,41.0,0.0,104.0,77.0,0.0,92.0,0.0,37.0,98.0,0.0,0.0,34.0,0.0,0.0,0.0,0.0,0.0,0.0,0.0,0.0,67.0,27.0,0.0,0.0,0.0,0.0,0.0,0.0,0.0,0.0,0.0,0.0
